date,state,fips,cases,deaths,cases_diff,deaths_diff,hospitalization_total,hospitalization_total_adult,hospitalization_total_pediatric,household_median_income,population
2020-01-22,Nevada,0.0,0,0,0.0,0.0,20,20,0,63276.0,3080156
2020-01-23,Nevada,0.0,0,0,0.0,0.0,20,20,0,63276.0,3080156
2020-01-24,Nevada,0.0,0,0,0.0,0.0,20,20,0,63276.0,3080156
2020-01-25,Nevada,0.0,0,0,0.0,0.0,20,20,0,63276.0,3080156
2020-01-26,Nevada,0.0,0,0,0.0,0.0,20,20,0,63276.0,3080156
2020-01-27,Nevada,0.0,0,0,0.0,0.0,20,20,0,63276.0,3080156
2020-01-28,Nevada,0.0,0,0,0.0,0.0,20,20,0,63276.0,3080156
2020-01-29,Nevada,0.0,0,0,0.0,0.0,20,20,0,63276.0,3080156
2020-01-30,Nevada,0.0,0,0,0.0,0.0,20,20,0,63276.0,3080156
2020-01-31,Nevada,0.0,0,0,0.0,0.0,20,20,0,63276.0,3080156
2020-02-01,Nevada,0.0,0,0,0.0,0.0,20,20,0,63276.0,3080156
2020-02-02,Nevada,0.0,0,0,0.0,0.0,20,20,0,63276.0,3080156
2020-02-03,Nevada,0.0,0,0,0.0,0.0,20,20,0,63276.0,3080156
2020-02-04,Nevada,0.0,0,0,0.0,0.0,20,20,0,63276.0,3080156
2020-02-05,Nevada,0.0,0,0,0.0,0.0,20,20,0,63276.0,3080156
2020-02-06,Nevada,0.0,0,0,0.0,0.0,20,20,0,63276.0,3080156
2020-02-07,Nevada,0.0,0,0,0.0,0.0,20,20,0,63276.0,3080156
2020-02-08,Nevada,0.0,0,0,0.0,0.0,20,20,0,63276.0,3080156
2020-02-09,Nevada,0.0,0,0,0.0,0.0,20,20,0,63276.0,3080156
2020-02-10,Nevada,0.0,0,0,0.0,0.0,20,20,0,63276.0,3080156
2020-02-11,Nevada,0.0,0,0,0.0,0.0,20,20,0,63276.0,3080156
2020-02-12,Nevada,0.0,0,0,0.0,0.0,20,20,0,63276.0,3080156
2020-02-13,Nevada,0.0,0,0,0.0,0.0,20,20,0,63276.0,3080156
2020-02-14,Nevada,0.0,0,0,0.0,0.0,20,20,0,63276.0,3080156
2020-02-15,Nevada,0.0,0,0,0.0,0.0,20,20,0,63276.0,3080156
2020-02-16,Nevada,0.0,0,0,0.0,0.0,20,20,0,63276.0,3080156
2020-02-17,Nevada,0.0,0,0,0.0,0.0,20,20,0,63276.0,3080156
2020-02-18,Nevada,0.0,0,0,0.0,0.0,20,20,0,63276.0,3080156
2020-02-19,Nevada,0.0,0,0,0.0,0.0,20,20,0,63276.0,3080156
2020-02-20,Nevada,0.0,0,0,0.0,0.0,20,20,0,63276.0,3080156
2020-02-21,Nevada,0.0,0,0,0.0,0.0,20,20,0,63276.0,3080156
2020-02-22,Nevada,0.0,0,0,0.0,0.0,20,20,0,63276.0,3080156
2020-02-23,Nevada,0.0,0,0,0.0,0.0,20,20,0,63276.0,3080156
2020-02-24,Nevada,0.0,0,0,0.0,0.0,20,20,0,63276.0,3080156
2020-02-25,Nevada,0.0,0,0,0.0,0.0,20,20,0,63276.0,3080156
2020-02-26,Nevada,0.0,0,0,0.0,0.0,20,20,0,63276.0,3080156
2020-02-27,Nevada,0.0,0,0,0.0,0.0,20,20,0,63276.0,3080156
2020-02-28,Nevada,0.0,0,0,0.0,0.0,20,20,0,63276.0,3080156
2020-02-29,Nevada,0.0,0,0,0.0,0.0,20,20,0,63276.0,3080156
2020-03-01,Nevada,0.0,0,0,0.0,0.0,20,20,0,63276.0,3080156
2020-03-02,Nevada,0.0,0,0,0.0,0.0,20,20,0,63276.0,3080156
2020-03-03,Nevada,0.0,0,0,0.0,0.0,20,20,0,63276.0,3080156
2020-03-04,Nevada,0.0,0,0,0.0,0.0,20,20,0,63276.0,3080156
2020-03-05,Nevada,0.0,1,0,1.0,0.0,20,20,0,63276.0,3080156
2020-03-06,Nevada,0.0,2,0,1.0,0.0,20,20,0,63276.0,3080156
2020-03-07,Nevada,0.0,2,0,0.0,0.0,20,20,0,63276.0,3080156
2020-03-08,Nevada,0.0,4,0,2.0,0.0,20,20,0,63276.0,3080156
2020-03-09,Nevada,0.0,4,0,0.0,0.0,20,20,0,63276.0,3080156
2020-03-10,Nevada,0.0,4,0,0.0,0.0,20,20,0,63276.0,3080156
2020-03-11,Nevada,0.0,7,0,3.0,0.0,20,20,0,63276.0,3080156
2020-03-12,Nevada,0.0,10,0,3.0,0.0,20,20,0,63276.0,3080156
2020-03-13,Nevada,0.0,18,0,8.0,0.0,20,20,0,63276.0,3080156
2020-03-14,Nevada,0.0,20,0,2.0,0.0,20,20,0,63276.0,3080156
2020-03-15,Nevada,0.0,20,0,0.0,0.0,20,20,0,63276.0,3080156
2020-03-16,Nevada,0.0,45,1,25.0,1.0,20,20,0,63276.0,3080156
2020-03-17,Nevada,0.0,55,1,10.0,0.0,20,20,0,63276.0,3080156
2020-03-18,Nevada,0.0,55,1,0.0,0.0,20,20,0,63276.0,3080156
2020-03-19,Nevada,0.0,95,1,40.0,0.0,20,20,0,63276.0,3080156
2020-03-20,Nevada,0.0,161,2,66.0,1.0,20,20,0,63276.0,3080156
2020-03-21,Nevada,0.0,161,2,0.0,0.0,20,20,0,63276.0,3080156
2020-03-22,Nevada,0.0,190,2,29.0,0.0,20,20,0,63276.0,3080156
2020-03-23,Nevada,0.0,245,4,55.0,2.0,20,20,0,63276.0,3080156
2020-03-24,Nevada,0.0,278,4,33.0,0.0,20,20,0,63276.0,3080156
2020-03-25,Nevada,0.0,323,6,45.0,2.0,20,20,0,63276.0,3080156
2020-03-26,Nevada,0.0,420,10,97.0,4.0,20,20,0,63276.0,3080156
2020-03-27,Nevada,0.0,536,10,116.0,0.0,20,20,0,63276.0,3080156
2020-03-28,Nevada,0.0,626,10,90.0,0.0,20,20,0,63276.0,3080156
2020-03-29,Nevada,0.0,920,15,294.0,5.0,20,20,0,63276.0,3080156
2020-03-30,Nevada,0.0,1012,15,92.0,0.0,20,20,0,63276.0,3080156
2020-03-31,Nevada,0.0,1114,26,102.0,11.0,20,20,0,63276.0,3080156
2020-04-01,Nevada,0.0,1279,31,165.0,5.0,20,20,0,63276.0,3080156
2020-04-02,Nevada,0.0,1463,38,184.0,7.0,20,20,0,63276.0,3080156
2020-04-03,Nevada,0.0,1514,43,51.0,5.0,20,20,0,63276.0,3080156
2020-04-04,Nevada,0.0,1742,46,228.0,3.0,20,20,0,63276.0,3080156
2020-04-05,Nevada,0.0,1855,46,113.0,0.0,20,20,0,63276.0,3080156
2020-04-06,Nevada,0.0,1953,46,98.0,0.0,20,20,0,63276.0,3080156
2020-04-07,Nevada,0.0,2124,72,171.0,26.0,20,20,0,63276.0,3080156
2020-04-08,Nevada,0.0,2259,72,135.0,0.0,20,20,0,63276.0,3080156
2020-04-09,Nevada,0.0,2456,81,197.0,9.0,20,20,0,63276.0,3080156
2020-04-10,Nevada,0.0,2722,90,266.0,9.0,20,20,0,63276.0,3080156
2020-04-11,Nevada,0.0,2702,102,-20.0,12.0,20,20,0,63276.0,3080156
2020-04-12,Nevada,0.0,2836,112,134.0,10.0,20,20,0,63276.0,3080156
2020-04-13,Nevada,0.0,2990,114,154.0,2.0,35,34,1,63276.0,3080156
2020-04-14,Nevada,0.0,3134,126,144.0,12.0,35,34,1,63276.0,3080156
2020-04-15,Nevada,0.0,3211,131,77.0,5.0,35,34,1,63276.0,3080156
2020-04-16,Nevada,0.0,3214,137,3.0,6.0,35,34,1,63276.0,3080156
2020-04-17,Nevada,0.0,3524,142,310.0,5.0,35,34,1,63276.0,3080156
2020-04-18,Nevada,0.0,3626,151,102.0,9.0,35,34,1,63276.0,3080156
2020-04-19,Nevada,0.0,3728,158,102.0,7.0,35,34,1,63276.0,3080156
2020-04-20,Nevada,0.0,3830,159,102.0,1.0,35,34,1,63276.0,3080156
2020-04-21,Nevada,0.0,3937,163,107.0,4.0,35,34,1,63276.0,3080156
2020-04-22,Nevada,0.0,4081,172,144.0,9.0,35,34,1,63276.0,3080156
2020-04-23,Nevada,0.0,4208,195,127.0,23.0,35,34,1,63276.0,3080156
2020-04-24,Nevada,0.0,4398,197,190.0,2.0,35,34,1,63276.0,3080156
2020-04-25,Nevada,0.0,4539,205,141.0,8.0,35,34,1,63276.0,3080156
2020-04-26,Nevada,0.0,4734,206,195.0,1.0,35,34,1,63276.0,3080156
2020-04-27,Nevada,0.0,4700,206,-34.0,0.0,35,34,1,63276.0,3080156
2020-04-28,Nevada,0.0,4821,219,121.0,13.0,35,34,1,63276.0,3080156
2020-04-29,Nevada,0.0,4934,230,113.0,11.0,35,34,1,63276.0,3080156
2020-04-30,Nevada,0.0,5053,243,119.0,13.0,35,34,1,63276.0,3080156
2020-05-01,Nevada,0.0,5248,246,195.0,3.0,35,34,1,63276.0,3080156
2020-05-02,Nevada,0.0,5389,255,141.0,9.0,35,34,1,63276.0,3080156
2020-05-03,Nevada,0.0,5472,258,83.0,3.0,35,34,1,63276.0,3080156
2020-05-04,Nevada,0.0,5630,265,158.0,7.0,35,34,1,63276.0,3080156
2020-05-05,Nevada,0.0,5660,270,30.0,5.0,35,34,1,63276.0,3080156
2020-05-06,Nevada,0.0,5741,289,81.0,19.0,35,34,1,63276.0,3080156
2020-05-07,Nevada,0.0,5855,297,114.0,8.0,35,34,1,63276.0,3080156
2020-05-08,Nevada,0.0,5920,294,65.0,-3.0,35,34,1,63276.0,3080156
2020-05-09,Nevada,0.0,6171,313,251.0,19.0,35,34,1,63276.0,3080156
2020-05-10,Nevada,0.0,6120,310,-51.0,-3.0,35,34,1,63276.0,3080156
2020-05-11,Nevada,0.0,6152,312,32.0,2.0,38,37,1,63276.0,3080156
2020-05-12,Nevada,0.0,6313,321,161.0,9.0,42,41,1,63276.0,3080156
2020-05-13,Nevada,0.0,6476,331,163.0,10.0,42,41,1,63276.0,3080156
2020-05-14,Nevada,0.0,6504,333,28.0,2.0,41,40,1,63276.0,3080156
2020-05-15,Nevada,0.0,6733,343,229.0,10.0,33,32,1,63276.0,3080156
2020-05-16,Nevada,0.0,6813,347,80.0,4.0,33,32,1,63276.0,3080156
2020-05-17,Nevada,0.0,6949,350,136.0,3.0,33,32,1,63276.0,3080156
2020-05-18,Nevada,0.0,7061,358,112.0,8.0,33,32,1,63276.0,3080156
2020-05-19,Nevada,0.0,7096,358,35.0,0.0,31,31,0,63276.0,3080156
2020-05-20,Nevada,0.0,7388,377,292.0,19.0,34,34,1,63276.0,3080156
2020-05-21,Nevada,0.0,7400,383,12.0,6.0,32,31,0,63276.0,3080156
2020-05-22,Nevada,0.0,7525,386,125.0,3.0,31,31,0,63276.0,3080156
2020-05-23,Nevada,0.0,7526,387,1.0,1.0,31,30,0,63276.0,3080156
2020-05-24,Nevada,0.0,7881,380,355.0,-7.0,28,28,0,63276.0,3080156
2020-05-25,Nevada,0.0,7956,394,75.0,14.0,29,28,0,63276.0,3080156
2020-05-26,Nevada,0.0,8057,394,101.0,0.0,30,29,0,63276.0,3080156
2020-05-27,Nevada,0.0,8150,402,93.0,8.0,34,33,1,63276.0,3080156
2020-05-28,Nevada,0.0,8248,406,98.0,4.0,34,34,1,63276.0,3080156
2020-05-29,Nevada,0.0,8376,406,128.0,0.0,28,28,0,63276.0,3080156
2020-05-30,Nevada,0.0,8517,417,141.0,11.0,28,28,0,63276.0,3080156
2020-05-31,Nevada,0.0,8628,417,111.0,0.0,25,25,0,63276.0,3080156
2020-06-01,Nevada,0.0,8702,417,74.0,0.0,27,27,0,63276.0,3080156
2020-06-02,Nevada,0.0,8858,417,156.0,0.0,28,27,0,63276.0,3080156
2020-06-03,Nevada,0.0,8951,431,93.0,14.0,28,28,0,63276.0,3080156
2020-06-04,Nevada,0.0,9129,430,178.0,-1.0,27,27,0,63276.0,3080156
2020-06-05,Nevada,0.0,9309,436,180.0,6.0,25,25,0,63276.0,3080156
2020-06-06,Nevada,0.0,9491,437,182.0,1.0,26,26,0,63276.0,3080156
2020-06-07,Nevada,0.0,9669,438,178.0,1.0,26,26,0,63276.0,3080156
2020-06-08,Nevada,0.0,9816,442,147.0,4.0,25,25,0,63276.0,3080156
2020-06-09,Nevada,0.0,10045,446,229.0,4.0,26,26,0,63276.0,3080156
2020-06-10,Nevada,0.0,10218,449,173.0,3.0,27,27,0,63276.0,3080156
2020-06-11,Nevada,0.0,10473,459,255.0,10.0,25,25,0,63276.0,3080156
2020-06-12,Nevada,0.0,10704,461,231.0,2.0,24,24,0,63276.0,3080156
2020-06-13,Nevada,0.0,10997,462,293.0,1.0,26,26,0,63276.0,3080156
2020-06-14,Nevada,0.0,11201,463,204.0,1.0,25,24,0,63276.0,3080156
2020-06-15,Nevada,0.0,11315,465,114.0,2.0,26,26,0,63276.0,3080156
2020-06-16,Nevada,0.0,11683,467,368.0,2.0,26,26,0,63276.0,3080156
2020-06-17,Nevada,0.0,11854,473,171.0,6.0,27,27,0,63276.0,3080156
2020-06-18,Nevada,0.0,12169,475,315.0,2.0,27,26,0,63276.0,3080156
2020-06-19,Nevada,0.0,12524,479,355.0,4.0,28,28,0,63276.0,3080156
2020-06-20,Nevada,0.0,12976,486,452.0,7.0,28,28,0,63276.0,3080156
2020-06-21,Nevada,0.0,13240,487,264.0,1.0,28,28,0,63276.0,3080156
2020-06-22,Nevada,0.0,13528,489,288.0,2.0,28,28,0,63276.0,3080156
2020-06-23,Nevada,0.0,13997,492,469.0,3.0,30,29,0,63276.0,3080156
2020-06-24,Nevada,0.0,14362,494,365.0,2.0,34,34,1,63276.0,3080156
2020-06-25,Nevada,0.0,14859,495,497.0,1.0,37,36,1,63276.0,3080156
2020-06-26,Nevada,0.0,15240,498,381.0,3.0,37,37,1,63276.0,3080156
2020-06-27,Nevada,0.0,16339,500,1099.0,2.0,40,39,1,63276.0,3080156
2020-06-28,Nevada,0.0,17160,500,821.0,0.0,41,40,1,63276.0,3080156
2020-06-29,Nevada,0.0,17894,504,734.0,4.0,45,44,1,63276.0,3080156
2020-06-30,Nevada,0.0,18456,507,562.0,3.0,48,47,1,63276.0,3080156
2020-07-01,Nevada,0.0,19101,511,645.0,4.0,51,50,1,63276.0,3080156
2020-07-02,Nevada,0.0,19733,525,632.0,14.0,54,53,1,63276.0,3080156
2020-07-03,Nevada,0.0,20718,528,985.0,3.0,58,57,1,63276.0,3080156
2020-07-04,Nevada,0.0,21575,530,857.0,2.0,62,61,1,63276.0,3080156
2020-07-05,Nevada,0.0,22418,534,843.0,4.0,63,62,1,63276.0,3080156
2020-07-06,Nevada,0.0,22909,537,491.0,3.0,62,61,1,63276.0,3080156
2020-07-07,Nevada,0.0,23785,548,876.0,11.0,71,70,1,63276.0,3080156
2020-07-08,Nevada,0.0,24301,553,516.0,5.0,73,72,1,63276.0,3080156
2020-07-09,Nevada,0.0,24904,571,603.0,18.0,79,77,1,63276.0,3080156
2020-07-10,Nevada,0.0,25908,579,1004.0,8.0,78,76,1,63276.0,3080156
2020-07-11,Nevada,0.0,26838,592,930.0,13.0,77,76,1,63276.0,3080156
2020-07-12,Nevada,0.0,27683,593,845.0,1.0,75,74,1,63276.0,3080156
2020-07-13,Nevada,0.0,28515,593,832.0,0.0,80,79,1,63276.0,3080156
2020-07-14,Nevada,0.0,29619,612,1104.0,19.0,83,82,1,63276.0,3080156
2020-07-15,Nevada,0.0,30468,618,849.0,6.0,7,6,1,63276.0,3080156
2020-07-16,Nevada,0.0,31915,626,1447.0,8.0,4,3,1,63276.0,3080156
2020-07-17,Nevada,0.0,33295,637,1380.0,11.0,4,3,1,63276.0,3080156
2020-07-18,Nevada,0.0,34477,646,1182.0,9.0,5,3,2,63276.0,3080156
2020-07-19,Nevada,0.0,35765,647,1288.0,1.0,5,3,2,63276.0,3080156
2020-07-20,Nevada,0.0,36713,648,948.0,1.0,19,18,1,63276.0,3080156
2020-07-21,Nevada,0.0,37528,676,815.0,28.0,3,1,2,63276.0,3080156
2020-07-22,Nevada,0.0,38657,704,1129.0,28.0,0,0,0,63276.0,3080156
2020-07-23,Nevada,0.0,39919,709,1262.0,5.0,1,0,1,63276.0,3080156
2020-07-24,Nevada,0.0,40885,722,966.0,13.0,0,0,0,63276.0,3080156
2020-07-25,Nevada,0.0,41816,732,931.0,10.0,1,0,1,63276.0,3080156
2020-07-26,Nevada,0.0,42843,734,1027.0,2.0,1,0,1,63276.0,3080156
2020-07-27,Nevada,0.0,43831,739,988.0,5.0,2,0,2,63276.0,3080156
2020-07-28,Nevada,0.0,44936,759,1105.0,20.0,0,0,0,63276.0,3080156
2020-07-29,Nevada,0.0,45806,780,870.0,21.0,115,74,41,63276.0,3080156
2020-07-30,Nevada,0.0,46824,801,1018.0,21.0,71,71,0,63276.0,3080156
2020-07-31,Nevada,0.0,48088,830,1264.0,29.0,76,75,1,63276.0,3080156
2020-08-01,Nevada,0.0,49074,832,986.0,2.0,83,83,0,63276.0,3080156
2020-08-02,Nevada,0.0,50205,832,1131.0,0.0,86,83,3,63276.0,3080156
2020-08-03,Nevada,0.0,51199,847,994.0,15.0,68,67,1,63276.0,3080156
2020-08-04,Nevada,0.0,52179,862,980.0,15.0,74,74,0,63276.0,3080156
2020-08-05,Nevada,0.0,52828,890,649.0,28.0,68,67,1,63276.0,3080156
2020-08-06,Nevada,0.0,53557,900,729.0,10.0,76,74,2,63276.0,3080156
2020-08-07,Nevada,0.0,54533,920,976.0,20.0,72,72,0,63276.0,3080156
2020-08-08,Nevada,0.0,55419,949,886.0,29.0,44,44,0,63276.0,3080156
2020-08-09,Nevada,0.0,56230,957,811.0,8.0,55,54,1,63276.0,3080156
2020-08-10,Nevada,0.0,56972,963,742.0,6.0,68,68,0,63276.0,3080156
2020-08-11,Nevada,0.0,57520,981,548.0,18.0,59,58,1,63276.0,3080156
2020-08-12,Nevada,0.0,58048,996,528.0,15.0,69,69,0,63276.0,3080156
2020-08-13,Nevada,0.0,58650,1030,602.0,34.0,64,63,1,63276.0,3080156
2020-08-14,Nevada,0.0,59749,1045,1099.0,15.0,57,57,0,63276.0,3080156
2020-08-15,Nevada,0.0,60608,1069,859.0,24.0,58,57,1,63276.0,3080156
2020-08-16,Nevada,0.0,61305,1072,697.0,3.0,60,59,1,63276.0,3080156
2020-08-17,Nevada,0.0,61967,1077,662.0,5.0,55,53,2,63276.0,3080156
2020-08-18,Nevada,0.0,62639,1102,672.0,25.0,66,65,1,63276.0,3080156
2020-08-19,Nevada,0.0,63028,1134,389.0,32.0,59,59,0,63276.0,3080156
2020-08-20,Nevada,0.0,63584,1172,556.0,38.0,64,63,1,63276.0,3080156
2020-08-21,Nevada,0.0,64433,1185,849.0,13.0,65,65,0,63276.0,3080156
2020-08-22,Nevada,0.0,65069,1197,636.0,12.0,49,49,0,63276.0,3080156
2020-08-23,Nevada,0.0,65601,1197,532.0,0.0,50,50,0,63276.0,3080156
2020-08-24,Nevada,0.0,66010,1200,409.0,3.0,47,47,0,63276.0,3080156
2020-08-25,Nevada,0.0,66413,1230,403.0,30.0,41,40,1,63276.0,3080156
2020-08-26,Nevada,0.0,66666,1250,253.0,20.0,45,45,0,63276.0,3080156
2020-08-27,Nevada,0.0,67220,1271,554.0,21.0,52,43,9,63276.0,3080156
2020-08-28,Nevada,0.0,67852,1287,632.0,16.0,69,69,0,63276.0,3080156
2020-08-29,Nevada,0.0,68461,1302,609.0,15.0,63,63,0,63276.0,3080156
2020-08-30,Nevada,0.0,68908,1302,447.0,0.0,39,38,1,63276.0,3080156
2020-08-31,Nevada,0.0,69228,1305,320.0,3.0,58,57,1,63276.0,3080156
2020-09-01,Nevada,0.0,69633,1313,405.0,8.0,45,44,1,63276.0,3080156
2020-09-02,Nevada,0.0,69872,1336,239.0,23.0,44,43,1,63276.0,3080156
2020-09-03,Nevada,0.0,70223,1363,351.0,27.0,51,51,0,63276.0,3080156
2020-09-04,Nevada,0.0,70712,1375,489.0,12.0,59,59,0,63276.0,3080156
2020-09-05,Nevada,0.0,71102,1388,390.0,13.0,37,37,0,63276.0,3080156
2020-09-06,Nevada,0.0,71610,1389,508.0,1.0,32,31,1,63276.0,3080156
2020-09-07,Nevada,0.0,71967,1393,357.0,4.0,44,44,0,63276.0,3080156
2020-09-08,Nevada,0.0,72104,1393,137.0,0.0,38,38,0,63276.0,3080156
2020-09-09,Nevada,0.0,72258,1412,154.0,19.0,32,32,0,63276.0,3080156
2020-09-10,Nevada,0.0,72546,1429,288.0,17.0,41,41,0,63276.0,3080156
2020-09-11,Nevada,0.0,72806,1439,260.0,10.0,47,47,0,63276.0,3080156
2020-09-12,Nevada,0.0,73220,1449,414.0,10.0,48,48,0,63276.0,3080156
2020-09-13,Nevada,0.0,73537,1452,317.0,3.0,38,38,0,63276.0,3080156
2020-09-14,Nevada,0.0,73814,1456,277.0,4.0,28,28,0,63276.0,3080156
2020-09-15,Nevada,0.0,74040,1482,226.0,26.0,34,34,0,63276.0,3080156
2020-09-16,Nevada,0.0,74248,1494,208.0,12.0,40,40,0,63276.0,3080156
2020-09-17,Nevada,0.0,74595,1506,347.0,12.0,31,31,0,63276.0,3080156
2020-09-18,Nevada,0.0,75096,1524,501.0,18.0,44,44,0,63276.0,3080156
2020-09-19,Nevada,0.0,75419,1528,323.0,4.0,44,42,2,63276.0,3080156
2020-09-20,Nevada,0.0,75804,1531,385.0,3.0,38,38,0,63276.0,3080156
2020-09-21,Nevada,0.0,76036,1531,232.0,0.0,38,38,0,63276.0,3080156
2020-09-22,Nevada,0.0,76298,1546,262.0,15.0,48,48,0,63276.0,3080156
2020-09-23,Nevada,0.0,76807,1556,509.0,10.0,48,47,1,63276.0,3080156
2020-09-24,Nevada,0.0,77197,1564,390.0,8.0,36,36,0,63276.0,3080156
2020-09-25,Nevada,0.0,77753,1573,556.0,9.0,43,41,2,63276.0,3080156
2020-09-26,Nevada,0.0,78355,1582,602.0,9.0,31,31,0,63276.0,3080156
2020-09-27,Nevada,0.0,78728,1585,373.0,3.0,27,26,1,63276.0,3080156
2020-09-28,Nevada,0.0,79191,1585,463.0,0.0,31,30,1,63276.0,3080156
2020-09-29,Nevada,0.0,79595,1593,404.0,8.0,37,26,11,63276.0,3080156
2020-09-30,Nevada,0.0,79980,1600,385.0,7.0,38,38,0,63276.0,3080156
2020-10-01,Nevada,0.0,80410,1603,430.0,3.0,36,36,0,63276.0,3080156
2020-10-02,Nevada,0.0,81182,1609,772.0,6.0,40,39,1,63276.0,3080156
2020-10-03,Nevada,0.0,81708,1620,526.0,11.0,25,25,0,63276.0,3080156
2020-10-04,Nevada,0.0,82100,1623,392.0,3.0,35,34,1,63276.0,3080156
2020-10-05,Nevada,0.0,82437,1623,337.0,0.0,46,46,0,63276.0,3080156
2020-10-06,Nevada,0.0,82916,1629,479.0,6.0,42,41,1,63276.0,3080156
2020-10-07,Nevada,0.0,83347,1636,431.0,7.0,38,38,0,63276.0,3080156
2020-10-08,Nevada,0.0,83827,1649,480.0,13.0,47,47,0,63276.0,3080156
2020-10-09,Nevada,0.0,84593,1657,766.0,8.0,34,34,0,63276.0,3080156
2020-10-10,Nevada,0.0,85399,1659,806.0,2.0,32,30,2,63276.0,3080156
2020-10-11,Nevada,0.0,85779,1661,380.0,2.0,29,29,0,63276.0,3080156
2020-10-12,Nevada,0.0,86348,1664,569.0,3.0,45,45,0,63276.0,3080156
2020-10-13,Nevada,0.0,86835,1674,487.0,10.0,55,55,0,63276.0,3080156
2020-10-14,Nevada,0.0,87314,1691,479.0,17.0,65,64,1,63276.0,3080156
2020-10-15,Nevada,0.0,87969,1698,655.0,7.0,48,46,2,63276.0,3080156
2020-10-16,Nevada,0.0,88685,1707,716.0,9.0,59,58,1,63276.0,3080156
2020-10-17,Nevada,0.0,89652,1707,967.0,0.0,52,50,2,63276.0,3080156
2020-10-18,Nevada,0.0,90261,1710,609.0,3.0,50,49,1,63276.0,3080156
2020-10-19,Nevada,0.0,90843,1712,582.0,2.0,50,50,0,63276.0,3080156
2020-10-20,Nevada,0.0,91499,1727,656.0,15.0,66,62,4,63276.0,3080156
2020-10-21,Nevada,0.0,92064,1732,565.0,5.0,47,44,3,63276.0,3080156
2020-10-22,Nevada,0.0,92853,1736,789.0,4.0,46,46,0,63276.0,3080156
2020-10-23,Nevada,0.0,93665,1738,812.0,2.0,44,44,0,63276.0,3080156
2020-10-24,Nevada,0.0,94812,1743,1147.0,5.0,47,47,0,63276.0,3080156
2020-10-25,Nevada,0.0,95703,1748,891.0,5.0,45,43,2,63276.0,3080156
2020-10-26,Nevada,0.0,96178,1749,475.0,1.0,57,57,0,63276.0,3080156
2020-10-27,Nevada,0.0,96908,1756,730.0,7.0,72,71,1,63276.0,3080156
2020-10-28,Nevada,0.0,97479,1766,571.0,10.0,52,51,1,63276.0,3080156
2020-10-29,Nevada,0.0,98552,1769,1073.0,3.0,44,43,1,63276.0,3080156
2020-10-30,Nevada,0.0,99784,1777,1232.0,8.0,70,69,1,63276.0,3080156
2020-10-31,Nevada,0.0,100761,1777,977.0,0.0,61,61,0,63276.0,3080156
2020-11-01,Nevada,0.0,101477,1781,716.0,4.0,53,53,0,63276.0,3080156
2020-11-02,Nevada,0.0,102114,1784,637.0,3.0,92,92,0,63276.0,3080156
2020-11-03,Nevada,0.0,103025,1807,911.0,23.0,81,80,1,63276.0,3080156
2020-11-04,Nevada,0.0,104093,1814,1068.0,7.0,81,80,1,63276.0,3080156
2020-11-05,Nevada,0.0,105360,1824,1267.0,10.0,82,80,2,63276.0,3080156
2020-11-06,Nevada,0.0,106922,1845,1562.0,21.0,92,91,1,63276.0,3080156
2020-11-07,Nevada,0.0,108746,1850,1824.0,5.0,83,80,3,63276.0,3080156
2020-11-08,Nevada,0.0,110022,1851,1276.0,1.0,89,87,2,63276.0,3080156
2020-11-09,Nevada,0.0,110982,1852,960.0,1.0,94,94,0,63276.0,3080156
2020-11-10,Nevada,0.0,112304,1859,1322.0,7.0,95,93,2,63276.0,3080156
2020-11-11,Nevada,0.0,113411,1877,1107.0,18.0,121,116,5,63276.0,3080156
2020-11-12,Nevada,0.0,114880,1880,1469.0,3.0,197,196,1,63276.0,3080156
2020-11-13,Nevada,0.0,116737,1893,1857.0,13.0,125,121,4,63276.0,3080156
2020-11-14,Nevada,0.0,119006,1908,2269.0,15.0,122,122,0,63276.0,3080156
2020-11-15,Nevada,0.0,120183,1909,1177.0,1.0,195,194,1,63276.0,3080156
2020-11-16,Nevada,0.0,122099,1917,1916.0,8.0,130,129,1,63276.0,3080156
2020-11-17,Nevada,0.0,123795,1944,1696.0,27.0,136,135,1,63276.0,3080156
2020-11-18,Nevada,0.0,125459,1947,1664.0,3.0,149,147,2,63276.0,3080156
2020-11-19,Nevada,0.0,127876,1953,2417.0,6.0,130,129,1,63276.0,3080156
2020-11-20,Nevada,0.0,129714,1982,1838.0,29.0,113,113,0,63276.0,3080156
2020-11-21,Nevada,0.0,131733,2011,2019.0,29.0,136,135,1,63276.0,3080156
2020-11-22,Nevada,0.0,133888,2017,2155.0,6.0,145,143,2,63276.0,3080156
2020-11-23,Nevada,0.0,136227,2023,2339.0,6.0,156,154,2,63276.0,3080156
2020-11-24,Nevada,0.0,139098,2047,2871.0,24.0,160,159,1,63276.0,3080156
2020-11-25,Nevada,0.0,142240,2071,3142.0,24.0,150,149,1,63276.0,3080156
2020-11-26,Nevada,0.0,144781,2093,2541.0,22.0,117,116,1,63276.0,3080156
2020-11-27,Nevada,0.0,146317,2095,1536.0,2.0,165,165,0,63276.0,3080156
2020-11-28,Nevada,0.0,149229,2119,2912.0,24.0,149,148,1,63276.0,3080156
2020-11-29,Nevada,0.0,150527,2136,1298.0,17.0,146,146,0,63276.0,3080156
2020-11-30,Nevada,0.0,152171,2144,1644.0,8.0,169,166,3,63276.0,3080156
2020-12-01,Nevada,0.0,154842,2164,2671.0,20.0,179,179,0,63276.0,3080156
2020-12-02,Nevada,0.0,156997,2202,2155.0,38.0,174,173,1,63276.0,3080156
2020-12-03,Nevada,0.0,159532,2250,2535.0,48.0,157,155,2,63276.0,3080156
2020-12-04,Nevada,0.0,162434,2272,2902.0,22.0,157,156,1,63276.0,3080156
2020-12-05,Nevada,0.0,165628,2301,3194.0,29.0,150,149,1,63276.0,3080156
2020-12-06,Nevada,0.0,168140,2315,2512.0,14.0,136,135,1,63276.0,3080156
2020-12-07,Nevada,0.0,170587,2319,2447.0,4.0,157,157,0,63276.0,3080156
2020-12-08,Nevada,0.0,173284,2359,2697.0,40.0,242,240,2,63276.0,3080156
2020-12-09,Nevada,0.0,176334,2384,3050.0,25.0,194,193,1,63276.0,3080156
2020-12-10,Nevada,0.0,178527,2434,2193.0,50.0,184,182,2,63276.0,3080156
2020-12-11,Nevada,0.0,181310,2479,2783.0,45.0,189,186,3,63276.0,3080156
2020-12-12,Nevada,0.0,183949,2520,2639.0,41.0,170,168,2,63276.0,3080156
2020-12-13,Nevada,0.0,186833,2539,2884.0,19.0,175,172,3,63276.0,3080156
2020-12-14,Nevada,0.0,189413,2548,2580.0,9.0,212,208,4,63276.0,3080156
2020-12-15,Nevada,0.0,191732,2595,2319.0,47.0,216,213,3,63276.0,3080156
2020-12-16,Nevada,0.0,194098,2651,2366.0,56.0,161,159,2,63276.0,3080156
2020-12-17,Nevada,0.0,196379,2671,2281.0,20.0,129,128,1,63276.0,3080156
2020-12-18,Nevada,0.0,199257,2706,2878.0,35.0,171,168,3,63276.0,3080156
2020-12-19,Nevada,0.0,201858,2749,2601.0,43.0,192,191,1,63276.0,3080156
2020-12-20,Nevada,0.0,203945,2779,2087.0,30.0,145,145,0,63276.0,3080156
2020-12-21,Nevada,0.0,205884,2785,1939.0,6.0,191,190,1,63276.0,3080156
2020-12-22,Nevada,0.0,206974,2823,1090.0,38.0,183,181,2,63276.0,3080156
2020-12-23,Nevada,0.0,209962,2869,2988.0,46.0,174,173,1,63276.0,3080156
2020-12-24,Nevada,0.0,212211,2914,2249.0,45.0,144,144,0,63276.0,3080156
2020-12-25,Nevada,0.0,214064,2941,1853.0,27.0,145,145,0,63276.0,3080156
2020-12-26,Nevada,0.0,215653,2942,1589.0,1.0,157,151,6,63276.0,3080156
2020-12-27,Nevada,0.0,217509,2950,1856.0,8.0,160,158,2,63276.0,3080156
2020-12-28,Nevada,0.0,218377,2971,868.0,21.0,174,172,2,63276.0,3080156
2020-12-29,Nevada,0.0,220124,3016,1747.0,45.0,169,163,6,63276.0,3080156
2020-12-30,Nevada,0.0,222595,3063,2471.0,47.0,167,165,2,63276.0,3080156
2020-12-31,Nevada,0.0,224731,3122,2136.0,59.0,164,161,3,63276.0,3080156
2021-01-01,Nevada,0.0,227046,3143,2315.0,21.0,130,130,0,63276.0,3080156
2021-01-02,Nevada,0.0,228871,3148,1825.0,5.0,163,162,1,63276.0,3080156
2021-01-03,Nevada,0.0,231614,3180,2743.0,32.0,147,147,0,63276.0,3080156
2021-01-04,Nevada,0.0,233032,3206,1418.0,26.0,169,169,0,63276.0,3080156
2021-01-05,Nevada,0.0,235455,3235,2423.0,29.0,185,184,1,63276.0,3080156
2021-01-06,Nevada,0.0,237393,3295,1938.0,60.0,166,165,1,63276.0,3080156
2021-01-07,Nevada,0.0,240796,3339,3403.0,44.0,173,171,2,63276.0,3080156
2021-01-08,Nevada,0.0,243661,3394,2865.0,55.0,173,170,3,63276.0,3080156
2021-01-09,Nevada,0.0,246309,3450,2648.0,56.0,157,154,3,63276.0,3080156
2021-01-10,Nevada,0.0,248569,3467,2260.0,17.0,160,158,2,63276.0,3080156
2021-01-11,Nevada,0.0,250249,3500,1680.0,33.0,168,166,2,63276.0,3080156
2021-01-12,Nevada,0.0,252842,3546,2593.0,46.0,154,153,1,63276.0,3080156
2021-01-13,Nevada,0.0,253985,3596,1143.0,50.0,142,141,1,63276.0,3080156
2021-01-14,Nevada,0.0,256172,3658,2187.0,62.0,175,173,2,63276.0,3080156
2021-01-15,Nevada,0.0,258050,3698,1878.0,40.0,171,171,0,63276.0,3080156
2021-01-16,Nevada,0.0,260090,3761,2040.0,63.0,134,131,3,63276.0,3080156
2021-01-17,Nevada,0.0,261573,3779,1483.0,18.0,140,137,3,63276.0,3080156
2021-01-18,Nevada,0.0,262794,3784,1221.0,5.0,130,130,0,63276.0,3080156
2021-01-19,Nevada,0.0,263972,3792,1178.0,8.0,122,121,1,63276.0,3080156
2021-01-20,Nevada,0.0,265143,3863,1171.0,71.0,143,142,1,63276.0,3080156
2021-01-21,Nevada,0.0,266343,3910,1200.0,47.0,165,163,2,63276.0,3080156
2021-01-22,Nevada,0.0,268212,3958,1869.0,48.0,147,146,1,63276.0,3080156
2021-01-23,Nevada,0.0,269713,4011,1501.0,53.0,120,118,2,63276.0,3080156
2021-01-24,Nevada,0.0,270907,4026,1194.0,15.0,95,93,2,63276.0,3080156
2021-01-25,Nevada,0.0,271897,4029,990.0,3.0,151,149,2,63276.0,3080156
2021-01-26,Nevada,0.0,272853,4088,956.0,59.0,102,100,2,63276.0,3080156
2021-01-27,Nevada,0.0,273873,4134,1020.0,46.0,124,122,2,63276.0,3080156
2021-01-28,Nevada,0.0,274951,4181,1078.0,47.0,116,114,2,63276.0,3080156
2021-01-29,Nevada,0.0,276279,4218,1328.0,37.0,106,105,1,63276.0,3080156
2021-01-30,Nevada,0.0,277349,4264,1070.0,46.0,108,108,0,63276.0,3080156
2021-01-31,Nevada,0.0,278308,4270,959.0,6.0,100,97,3,63276.0,3080156
2021-02-01,Nevada,0.0,279146,4278,838.0,8.0,94,94,0,63276.0,3080156
2021-02-02,Nevada,0.0,279957,4324,811.0,46.0,146,143,3,63276.0,3080156
2021-02-03,Nevada,0.0,280707,4373,750.0,49.0,99,99,0,63276.0,3080156
2021-02-04,Nevada,0.0,281596,4424,889.0,51.0,85,85,0,63276.0,3080156
2021-02-05,Nevada,0.0,282493,4463,897.0,39.0,88,85,3,63276.0,3080156
2021-02-06,Nevada,0.0,283391,4496,898.0,33.0,76,75,1,63276.0,3080156
2021-02-07,Nevada,0.0,284042,4520,651.0,24.0,83,82,1,63276.0,3080156
2021-02-08,Nevada,0.0,284590,4522,548.0,2.0,99,98,1,63276.0,3080156
2021-02-09,Nevada,0.0,285136,4559,546.0,37.0,100,97,3,63276.0,3080156
2021-02-10,Nevada,0.0,285795,4582,659.0,23.0,74,74,0,63276.0,3080156
2021-02-11,Nevada,0.0,286387,4637,592.0,55.0,72,72,0,63276.0,3080156
2021-02-12,Nevada,0.0,287023,4663,636.0,26.0,91,88,3,63276.0,3080156
2021-02-13,Nevada,0.0,287836,4694,813.0,31.0,70,66,4,63276.0,3080156
2021-02-14,Nevada,0.0,288348,4709,512.0,15.0,50,50,0,63276.0,3080156
2021-02-15,Nevada,0.0,288739,4720,391.0,11.0,86,84,2,63276.0,3080156
2021-02-16,Nevada,0.0,289029,4733,290.0,13.0,72,72,0,63276.0,3080156
2021-02-17,Nevada,0.0,289392,4774,363.0,41.0,76,75,1,63276.0,3080156
2021-02-18,Nevada,0.0,289880,4805,488.0,31.0,65,64,1,63276.0,3080156
2021-02-19,Nevada,0.0,290300,4831,420.0,26.0,67,64,3,63276.0,3080156
2021-02-20,Nevada,0.0,290671,4868,371.0,37.0,69,68,1,63276.0,3080156
2021-02-21,Nevada,0.0,290972,4872,301.0,4.0,53,53,0,63276.0,3080156
2021-02-22,Nevada,0.0,291145,4882,173.0,10.0,47,45,2,63276.0,3080156
2021-02-23,Nevada,0.0,291543,4903,398.0,21.0,75,73,2,63276.0,3080156
2021-02-24,Nevada,0.0,292059,4919,516.0,16.0,57,57,0,63276.0,3080156
2021-02-25,Nevada,0.0,292630,4933,571.0,14.0,50,49,1,63276.0,3080156
2021-02-26,Nevada,0.0,293029,4942,399.0,9.0,58,55,3,63276.0,3080156
2021-02-27,Nevada,0.0,293488,4957,459.0,15.0,51,51,0,63276.0,3080156
2021-02-28,Nevada,0.0,293754,4957,266.0,0.0,48,47,1,63276.0,3080156
2021-03-01,Nevada,0.0,293980,4957,226.0,0.0,49,48,1,63276.0,3080156
2021-03-02,Nevada,0.0,294289,4967,309.0,10.0,42,42,0,63276.0,3080156
2021-03-03,Nevada,0.0,294684,4987,395.0,20.0,44,43,1,63276.0,3080156
2021-03-04,Nevada,0.0,295069,5005,385.0,18.0,50,50,0,63276.0,3080156
2021-03-05,Nevada,0.0,295460,5020,391.0,15.0,36,36,0,63276.0,3080156
2021-03-06,Nevada,0.0,295960,5036,500.0,16.0,39,38,1,63276.0,3080156
2021-03-07,Nevada,0.0,296190,5037,230.0,1.0,34,33,1,63276.0,3080156
2021-03-08,Nevada,0.0,296393,5040,203.0,3.0,50,50,0,63276.0,3080156
2021-03-09,Nevada,0.0,296822,5054,429.0,14.0,49,49,0,63276.0,3080156
2021-03-10,Nevada,0.0,297147,5067,325.0,13.0,37,36,1,63276.0,3080156
2021-03-11,Nevada,0.0,297765,5080,618.0,13.0,39,39,0,63276.0,3080156
2021-03-12,Nevada,0.0,298623,5097,858.0,17.0,39,39,0,63276.0,3080156
2021-03-13,Nevada,0.0,299065,5117,442.0,20.0,30,30,0,63276.0,3080156
2021-03-14,Nevada,0.0,299287,5118,222.0,1.0,24,23,1,63276.0,3080156
2021-03-15,Nevada,0.0,299471,5121,184.0,3.0,53,53,0,63276.0,3080156
2021-03-16,Nevada,0.0,299817,5135,346.0,14.0,41,41,0,63276.0,3080156
2021-03-17,Nevada,0.0,300118,5147,301.0,12.0,41,40,1,63276.0,3080156
2021-03-18,Nevada,0.0,300415,5157,297.0,10.0,43,43,0,63276.0,3080156
2021-03-19,Nevada,0.0,300680,5161,265.0,4.0,39,39,0,63276.0,3080156
2021-03-20,Nevada,0.0,300951,5171,271.0,10.0,34,34,0,63276.0,3080156
2021-03-21,Nevada,0.0,301178,5172,227.0,1.0,25,23,2,63276.0,3080156
2021-03-22,Nevada,0.0,301334,5174,156.0,2.0,32,32,0,63276.0,3080156
2021-03-23,Nevada,0.0,301481,5188,147.0,14.0,42,42,0,63276.0,3080156
2021-03-24,Nevada,0.0,301727,5203,246.0,15.0,44,44,0,63276.0,3080156
2021-03-25,Nevada,0.0,302171,5215,444.0,12.0,37,36,1,63276.0,3080156
2021-03-26,Nevada,0.0,302616,5226,445.0,11.0,43,42,1,63276.0,3080156
2021-03-27,Nevada,0.0,302918,5236,302.0,10.0,25,25,0,63276.0,3080156
2021-03-28,Nevada,0.0,303061,5236,143.0,0.0,36,32,4,63276.0,3080156
2021-03-29,Nevada,0.0,303273,5237,212.0,1.0,35,34,1,63276.0,3080156
2021-03-30,Nevada,0.0,303494,5239,221.0,2.0,37,37,0,63276.0,3080156
2021-03-31,Nevada,0.0,303762,5249,268.0,10.0,40,38,2,63276.0,3080156
2021-04-01,Nevada,0.0,304112,5256,350.0,7.0,38,38,0,63276.0,3080156
2021-04-02,Nevada,0.0,304454,5260,342.0,4.0,36,36,0,63276.0,3080156
2021-04-03,Nevada,0.0,304916,5274,462.0,14.0,45,43,2,63276.0,3080156
2021-04-04,Nevada,0.0,305176,5274,260.0,0.0,42,41,1,63276.0,3080156
2021-04-05,Nevada,0.0,305357,5275,181.0,1.0,44,43,1,63276.0,3080156
2021-04-06,Nevada,0.0,305652,5297,295.0,22.0,44,42,2,63276.0,3080156
2021-04-07,Nevada,0.0,305929,5308,277.0,11.0,32,32,0,63276.0,3080156
2021-04-08,Nevada,0.0,306315,5313,386.0,5.0,51,51,0,63276.0,3080156
2021-04-09,Nevada,0.0,306952,5323,637.0,10.0,28,26,2,63276.0,3080156
2021-04-10,Nevada,0.0,307704,5332,752.0,9.0,24,23,1,63276.0,3080156
2021-04-11,Nevada,0.0,308024,5332,320.0,0.0,40,40,0,63276.0,3080156
2021-04-12,Nevada,0.0,308343,5332,319.0,0.0,40,38,2,63276.0,3080156
2021-04-13,Nevada,0.0,308755,5339,412.0,7.0,61,59,2,63276.0,3080156
2021-04-14,Nevada,0.0,309150,5353,395.0,14.0,45,45,0,63276.0,3080156
2021-04-15,Nevada,0.0,309699,5359,549.0,6.0,43,41,2,63276.0,3080156
2021-04-16,Nevada,0.0,310235,5365,536.0,6.0,48,46,2,63276.0,3080156
2021-04-17,Nevada,0.0,310235,5365,0.0,0.0,39,39,0,63276.0,3080156
2021-04-18,Nevada,0.0,310235,5365,0.0,0.0,36,36,0,63276.0,3080156
2021-04-19,Nevada,0.0,310933,5368,698.0,3.0,36,36,0,63276.0,3080156
2021-04-20,Nevada,0.0,311314,5377,381.0,9.0,54,54,0,63276.0,3080156
2021-04-21,Nevada,0.0,311750,5388,436.0,11.0,50,49,1,63276.0,3080156
2021-04-22,Nevada,0.0,312278,5400,528.0,12.0,31,31,0,63276.0,3080156
2021-04-23,Nevada,0.0,312840,5422,562.0,22.0,30,30,0,63276.0,3080156
2021-04-24,Nevada,0.0,312840,5422,0.0,0.0,41,39,2,63276.0,3080156
2021-04-25,Nevada,0.0,312840,5422,0.0,0.0,54,54,0,63276.0,3080156
2021-04-26,Nevada,0.0,313680,5433,840.0,11.0,42,42,0,63276.0,3080156
2021-04-27,Nevada,0.0,314085,5444,405.0,11.0,48,47,1,63276.0,3080156
2021-04-28,Nevada,0.0,314475,5448,390.0,4.0,56,55,1,63276.0,3080156
2021-04-29,Nevada,0.0,314928,5459,453.0,11.0,67,66,1,63276.0,3080156
2021-04-30,Nevada,0.0,315438,5464,510.0,5.0,37,37,0,63276.0,3080156
2021-05-01,Nevada,0.0,315438,5464,0.0,0.0,39,38,1,63276.0,3080156
2021-05-02,Nevada,0.0,315438,5464,0.0,0.0,54,52,2,63276.0,3080156
2021-05-03,Nevada,0.0,316239,5473,801.0,9.0,40,40,0,63276.0,3080156
2021-05-04,Nevada,0.0,316715,5480,476.0,7.0,32,32,0,63276.0,3080156
2021-05-05,Nevada,0.0,317088,5487,373.0,7.0,40,40,0,63276.0,3080156
2021-05-06,Nevada,0.0,317482,5490,394.0,3.0,32,32,0,63276.0,3080156
2021-05-07,Nevada,0.0,317980,5498,498.0,8.0,30,30,0,63276.0,3080156
2021-05-08,Nevada,0.0,317980,5498,0.0,0.0,37,37,0,63276.0,3080156
2021-05-09,Nevada,0.0,317980,5498,0.0,0.0,28,27,1,63276.0,3080156
2021-05-10,Nevada,0.0,318780,5506,800.0,8.0,32,32,0,63276.0,3080156
2021-05-11,Nevada,0.0,319250,5509,470.0,3.0,41,41,0,63276.0,3080156
2021-05-12,Nevada,0.0,319714,5515,464.0,6.0,40,40,0,63276.0,3080156
2021-05-13,Nevada,0.0,320150,5523,436.0,8.0,34,34,0,63276.0,3080156
2021-05-14,Nevada,0.0,320539,5530,389.0,7.0,36,36,0,63276.0,3080156
2021-05-15,Nevada,0.0,320539,5530,0.0,0.0,29,28,1,63276.0,3080156
2021-05-16,Nevada,0.0,320539,5530,0.0,0.0,32,31,1,63276.0,3080156
2021-05-17,Nevada,0.0,321081,5533,542.0,3.0,41,41,0,63276.0,3080156
2021-05-18,Nevada,0.0,321368,5540,287.0,7.0,37,37,0,63276.0,3080156
2021-05-19,Nevada,0.0,321716,5545,348.0,5.0,26,25,1,63276.0,3080156
2021-05-20,Nevada,0.0,322018,5550,302.0,5.0,23,23,0,63276.0,3080156
2021-05-21,Nevada,0.0,322352,5552,334.0,2.0,30,29,1,63276.0,3080156
2021-05-22,Nevada,0.0,322352,5552,0.0,0.0,25,25,0,63276.0,3080156
2021-05-23,Nevada,0.0,322352,5552,0.0,0.0,31,29,2,63276.0,3080156
2021-05-24,Nevada,0.0,322757,5559,405.0,7.0,20,20,0,63276.0,3080156
2021-05-25,Nevada,0.0,323022,5563,265.0,4.0,32,32,0,63276.0,3080156
2021-05-26,Nevada,0.0,323249,5570,227.0,7.0,32,31,1,63276.0,3080156
2021-05-27,Nevada,0.0,323481,5578,232.0,8.0,32,32,0,63276.0,3080156
2021-05-28,Nevada,0.0,323748,5586,267.0,8.0,27,27,0,63276.0,3080156
2021-05-29,Nevada,0.0,323748,5586,0.0,0.0,16,16,0,63276.0,3080156
2021-05-30,Nevada,0.0,323748,5586,0.0,0.0,22,18,4,63276.0,3080156
2021-05-31,Nevada,0.0,323748,5586,0.0,0.0,32,32,0,63276.0,3080156
2021-06-01,Nevada,0.0,324262,5590,514.0,4.0,25,25,0,63276.0,3080156
2021-06-02,Nevada,0.0,324681,5593,419.0,3.0,19,18,1,63276.0,3080156
2021-06-03,Nevada,0.0,325031,5599,350.0,6.0,35,35,0,63276.0,3080156
2021-06-04,Nevada,0.0,325392,5600,361.0,1.0,27,27,0,63276.0,3080156
2021-06-05,Nevada,0.0,325392,5600,0.0,0.0,26,25,1,63276.0,3080156
2021-06-06,Nevada,0.0,325392,5600,0.0,0.0,39,38,1,63276.0,3080156
2021-06-07,Nevada,0.0,326019,5607,627.0,7.0,26,25,1,63276.0,3080156
2021-06-08,Nevada,0.0,326366,5610,347.0,3.0,22,22,0,63276.0,3080156
2021-06-09,Nevada,0.0,326583,5617,217.0,7.0,25,25,0,63276.0,3080156
2021-06-10,Nevada,0.0,326878,5621,295.0,4.0,21,21,0,63276.0,3080156
2021-06-11,Nevada,0.0,327140,5622,262.0,1.0,26,26,0,63276.0,3080156
2021-06-12,Nevada,0.0,327140,5622,0.0,0.0,23,22,1,63276.0,3080156
2021-06-13,Nevada,0.0,327140,5622,0.0,0.0,27,25,2,63276.0,3080156
2021-06-14,Nevada,0.0,327579,5626,439.0,4.0,38,38,0,63276.0,3080156
2021-06-15,Nevada,0.0,327831,5631,252.0,5.0,39,39,0,63276.0,3080156
2021-06-16,Nevada,0.0,328194,5635,363.0,4.0,34,34,0,63276.0,3080156
2021-06-17,Nevada,0.0,328490,5642,296.0,7.0,32,31,1,63276.0,3080156
2021-06-18,Nevada,0.0,328875,5649,385.0,7.0,34,32,2,63276.0,3080156
2021-06-19,Nevada,0.0,328875,5649,0.0,0.0,37,37,0,63276.0,3080156
2021-06-20,Nevada,0.0,328875,5649,0.0,0.0,33,33,0,63276.0,3080156
2021-06-21,Nevada,0.0,329515,5646,640.0,-3.0,47,46,1,63276.0,3080156
2021-06-22,Nevada,0.0,329915,5653,400.0,7.0,48,48,0,63276.0,3080156
2021-06-23,Nevada,0.0,330362,5654,447.0,1.0,52,52,0,63276.0,3080156
2021-06-24,Nevada,0.0,330810,5664,448.0,10.0,62,62,0,63276.0,3080156
2021-06-25,Nevada,0.0,331614,5667,804.0,3.0,44,44,0,63276.0,3080156
2021-06-26,Nevada,0.0,331614,5667,0.0,0.0,54,53,1,63276.0,3080156
2021-06-27,Nevada,0.0,331614,5667,0.0,0.0,49,47,2,63276.0,3080156
2021-06-28,Nevada,0.0,332529,5670,915.0,3.0,57,56,1,63276.0,3080156
2021-06-29,Nevada,0.0,333154,5678,625.0,8.0,64,63,1,63276.0,3080156
2021-06-30,Nevada,0.0,333712,5681,558.0,3.0,75,73,2,63276.0,3080156
2021-07-01,Nevada,0.0,334255,5692,543.0,11.0,83,82,1,63276.0,3080156
2021-07-02,Nevada,0.0,334763,5697,508.0,5.0,68,68,0,63276.0,3080156
2021-07-03,Nevada,0.0,334763,5697,0.0,0.0,72,71,1,63276.0,3080156
2021-07-04,Nevada,0.0,334763,5697,0.0,0.0,67,67,0,63276.0,3080156
2021-07-05,Nevada,0.0,334763,5697,0.0,0.0,81,81,0,63276.0,3080156
2021-07-06,Nevada,0.0,336109,5702,1346.0,5.0,86,85,1,63276.0,3080156
2021-07-07,Nevada,0.0,336562,5705,453.0,3.0,91,91,0,63276.0,3080156
2021-07-08,Nevada,0.0,337259,5707,697.0,2.0,86,86,0,63276.0,3080156
2021-07-09,Nevada,0.0,338072,5720,813.0,13.0,81,79,2,63276.0,3080156
2021-07-10,Nevada,0.0,338072,5720,0.0,0.0,90,88,2,63276.0,3080156
2021-07-11,Nevada,0.0,338072,5720,0.0,0.0,101,101,0,63276.0,3080156
2021-07-12,Nevada,0.0,339745,5730,1673.0,10.0,94,93,1,63276.0,3080156
2021-07-13,Nevada,0.0,340600,5731,855.0,1.0,103,103,0,63276.0,3080156
2021-07-14,Nevada,0.0,341292,5737,692.0,6.0,99,97,2,63276.0,3080156
2021-07-15,Nevada,0.0,342230,5752,938.0,15.0,103,103,0,63276.0,3080156
2021-07-16,Nevada,0.0,343096,5758,866.0,6.0,125,123,2,63276.0,3080156
2021-07-17,Nevada,0.0,343096,5758,0.0,0.0,74,73,1,63276.0,3080156
2021-07-18,Nevada,0.0,343096,5758,0.0,0.0,104,103,1,63276.0,3080156
2021-07-19,Nevada,0.0,345163,5761,2067.0,3.0,112,111,1,63276.0,3080156
2021-07-20,Nevada,0.0,346167,5761,1004.0,0.0,128,124,4,63276.0,3080156
2021-07-21,Nevada,0.0,347098,5789,931.0,28.0,134,132,2,63276.0,3080156
2021-07-22,Nevada,0.0,348040,5797,942.0,8.0,110,108,2,63276.0,3080156
2021-07-23,Nevada,0.0,349043,5817,1003.0,20.0,95,95,0,63276.0,3080156
2021-07-24,Nevada,0.0,349043,5817,0.0,0.0,136,135,1,63276.0,3080156
2021-07-25,Nevada,0.0,349043,5817,0.0,0.0,147,143,4,63276.0,3080156
2021-07-26,Nevada,0.0,351443,5837,2400.0,20.0,134,127,7,63276.0,3080156
2021-07-27,Nevada,0.0,352567,5854,1124.0,17.0,128,127,1,63276.0,3080156
2021-07-28,Nevada,0.0,353746,5874,1179.0,20.0,133,131,2,63276.0,3080156
2021-07-29,Nevada,0.0,355091,5900,1345.0,26.0,137,136,1,63276.0,3080156
2021-07-30,Nevada,0.0,356401,5912,1310.0,12.0,134,133,1,63276.0,3080156
2021-07-31,Nevada,0.0,356401,5912,0.0,0.0,131,131,0,63276.0,3080156
2021-08-01,Nevada,0.0,356401,5912,0.0,0.0,107,106,1,63276.0,3080156
2021-08-02,Nevada,0.0,358932,5918,2531.0,6.0,117,114,3,63276.0,3080156
2021-08-03,Nevada,0.0,360147,5929,1215.0,11.0,137,136,1,63276.0,3080156
2021-08-04,Nevada,0.0,361140,5953,993.0,24.0,131,131,0,63276.0,3080156
2021-08-05,Nevada,0.0,362275,5979,1135.0,26.0,152,150,2,63276.0,3080156
2021-08-06,Nevada,0.0,363574,6005,1299.0,26.0,134,132,2,63276.0,3080156
2021-08-07,Nevada,0.0,363574,6005,0.0,0.0,127,126,1,63276.0,3080156
2021-08-08,Nevada,0.0,363574,6005,0.0,0.0,133,133,0,63276.0,3080156
2021-08-09,Nevada,0.0,366584,6040,3010.0,35.0,160,156,4,63276.0,3080156
2021-08-10,Nevada,0.0,367709,6080,1125.0,40.0,160,156,4,63276.0,3080156
2021-08-11,Nevada,0.0,368625,6096,916.0,16.0,146,144,2,63276.0,3080156
2021-08-12,Nevada,0.0,369846,6120,1221.0,24.0,146,142,4,63276.0,3080156
2021-08-13,Nevada,0.0,371126,6160,1280.0,40.0,140,139,1,63276.0,3080156
2021-08-14,Nevada,0.0,371126,6160,0.0,0.0,126,125,1,63276.0,3080156
2021-08-15,Nevada,0.0,371126,6160,0.0,0.0,117,117,0,63276.0,3080156
2021-08-16,Nevada,0.0,373649,6190,2523.0,30.0,132,130,2,63276.0,3080156
2021-08-17,Nevada,0.0,374651,6223,1002.0,33.0,154,153,1,63276.0,3080156
2021-08-18,Nevada,0.0,376080,6248,1429.0,25.0,140,137,3,63276.0,3080156
2021-08-19,Nevada,0.0,377493,6259,1413.0,11.0,136,135,1,63276.0,3080156
2021-08-20,Nevada,0.0,378700,6280,1207.0,21.0,125,120,5,63276.0,3080156
2021-08-21,Nevada,0.0,378700,6280,0.0,0.0,138,135,3,63276.0,3080156
2021-08-22,Nevada,0.0,378700,6280,0.0,0.0,123,120,3,63276.0,3080156
2021-08-23,Nevada,0.0,381766,6306,3066.0,26.0,145,142,3,63276.0,3080156
2021-08-24,Nevada,0.0,382773,6352,1007.0,46.0,132,132,0,63276.0,3080156
2021-08-25,Nevada,0.0,384135,6376,1362.0,24.0,132,132,0,63276.0,3080156
2021-08-26,Nevada,0.0,385272,6398,1137.0,22.0,146,144,2,63276.0,3080156
2021-08-27,Nevada,0.0,386559,6433,1287.0,35.0,108,104,4,63276.0,3080156
2021-08-28,Nevada,0.0,386559,6433,0.0,0.0,112,109,3,63276.0,3080156
2021-08-29,Nevada,0.0,386559,6433,0.0,0.0,104,102,2,63276.0,3080156
2021-08-30,Nevada,0.0,389358,6479,2799.0,46.0,132,130,2,63276.0,3080156
2021-08-31,Nevada,0.0,390600,6510,1242.0,31.0,132,129,3,63276.0,3080156
2021-09-01,Nevada,0.0,392052,6539,1452.0,29.0,117,115,2,63276.0,3080156
2021-09-02,Nevada,0.0,393188,6565,1136.0,26.0,96,94,2,63276.0,3080156
2021-09-03,Nevada,0.0,394595,6583,1407.0,18.0,128,126,2,63276.0,3080156
2021-09-04,Nevada,0.0,394595,6583,0.0,0.0,115,115,0,63276.0,3080156
2021-09-05,Nevada,0.0,394595,6583,0.0,0.0,121,117,4,63276.0,3080156
2021-09-06,Nevada,0.0,394595,6583,0.0,0.0,114,112,2,63276.0,3080156
2021-09-07,Nevada,0.0,397788,6604,3193.0,21.0,120,119,1,63276.0,3080156
2021-09-08,Nevada,0.0,399234,6637,1446.0,33.0,130,129,1,63276.0,3080156
2021-09-09,Nevada,0.0,400349,6681,1115.0,44.0,103,101,2,63276.0,3080156
2021-09-10,Nevada,0.0,401901,6702,1552.0,21.0,101,101,0,63276.0,3080156
2021-09-11,Nevada,0.0,401901,6702,0.0,0.0,96,94,2,63276.0,3080156
2021-09-12,Nevada,0.0,401901,6702,0.0,0.0,106,105,1,63276.0,3080156
2021-09-13,Nevada,0.0,404740,6728,2839.0,26.0,143,141,2,63276.0,3080156
2021-09-14,Nevada,0.0,406212,6763,1472.0,35.0,101,100,1,63276.0,3080156
2021-09-15,Nevada,0.0,407258,6789,1046.0,26.0,133,132,1,63276.0,3080156
2021-09-16,Nevada,0.0,408733,6821,1475.0,32.0,110,109,1,63276.0,3080156
2021-09-17,Nevada,0.0,410104,6845,1371.0,24.0,92,91,1,63276.0,3080156
2021-09-18,Nevada,0.0,410104,6845,0.0,0.0,113,111,2,63276.0,3080156
2021-09-19,Nevada,0.0,410104,6845,0.0,0.0,106,106,0,63276.0,3080156
2021-09-20,Nevada,0.0,412317,6880,2213.0,35.0,88,86,2,63276.0,3080156
2021-09-21,Nevada,0.0,413547,6918,1230.0,38.0,95,93,2,63276.0,3080156
2021-09-22,Nevada,0.0,414371,6948,824.0,30.0,96,94,2,63276.0,3080156
2021-09-23,Nevada,0.0,415424,6983,1053.0,35.0,93,91,2,63276.0,3080156
2021-09-24,Nevada,0.0,416496,7015,1072.0,32.0,80,80,0,63276.0,3080156
2021-09-25,Nevada,0.0,416496,7015,0.0,0.0,83,82,1,63276.0,3080156
2021-09-26,Nevada,0.0,416496,7015,0.0,0.0,60,56,4,63276.0,3080156
2021-09-27,Nevada,0.0,418477,7045,1981.0,30.0,89,88,1,63276.0,3080156
2021-09-28,Nevada,0.0,419379,7073,902.0,28.0,103,100,3,63276.0,3080156
2021-09-29,Nevada,0.0,420179,7107,800.0,34.0,94,93,1,63276.0,3080156
2021-09-30,Nevada,0.0,421319,7150,1140.0,43.0,88,85,3,63276.0,3080156
2021-10-01,Nevada,0.0,422329,7166,1010.0,16.0,91,89,2,63276.0,3080156
2021-10-02,Nevada,0.0,422329,7166,0.0,0.0,85,84,1,63276.0,3080156
2021-10-03,Nevada,0.0,422329,7166,0.0,0.0,89,84,5,63276.0,3080156
2021-10-04,Nevada,0.0,424200,7188,1871.0,22.0,99,96,3,63276.0,3080156
2021-10-05,Nevada,0.0,424326,7221,126.0,33.0,105,104,1,63276.0,3080156
2021-10-06,Nevada,0.0,424995,7246,669.0,25.0,70,68,2,63276.0,3080156
2021-10-07,Nevada,0.0,424995,7246,0.0,0.0,79,77,2,63276.0,3080156
2021-10-08,Nevada,0.0,426407,7284,1412.0,38.0,88,87,1,63276.0,3080156
2021-10-09,Nevada,0.0,426407,7284,0.0,0.0,65,64,1,63276.0,3080156
2021-10-10,Nevada,0.0,426407,7284,0.0,0.0,56,53,3,63276.0,3080156
2021-10-11,Nevada,0.0,428043,7314,1636.0,30.0,78,78,0,63276.0,3080156
2021-10-12,Nevada,0.0,428934,7344,891.0,30.0,77,77,0,63276.0,3080156
2021-10-13,Nevada,0.0,429555,7366,621.0,22.0,74,73,1,63276.0,3080156
2021-10-14,Nevada,0.0,430170,7411,615.0,45.0,77,77,0,63276.0,3080156
2021-10-15,Nevada,0.0,430665,7421,495.0,10.0,80,79,1,63276.0,3080156
2021-10-16,Nevada,0.0,430665,7421,0.0,0.0,80,80,0,63276.0,3080156
2021-10-17,Nevada,0.0,430665,7421,0.0,0.0,76,74,2,63276.0,3080156
2021-10-18,Nevada,0.0,431999,7450,1334.0,29.0,77,73,4,63276.0,3080156
2021-10-19,Nevada,0.0,432861,7465,862.0,15.0,59,59,0,63276.0,3080156
2021-10-20,Nevada,0.0,433510,7483,649.0,18.0,68,68,0,63276.0,3080156
2021-10-21,Nevada,0.0,434163,7512,653.0,29.0,68,68,0,63276.0,3080156
2021-10-22,Nevada,0.0,434898,7522,735.0,10.0,72,72,0,63276.0,3080156
2021-10-23,Nevada,0.0,434898,7522,0.0,0.0,60,58,2,63276.0,3080156
2021-10-24,Nevada,0.0,434898,7522,0.0,0.0,61,60,1,63276.0,3080156
2021-10-25,Nevada,0.0,436276,7546,1378.0,24.0,76,75,1,63276.0,3080156
2021-10-26,Nevada,0.0,436900,7576,624.0,30.0,67,67,0,63276.0,3080156
2021-10-27,Nevada,0.0,437569,7599,669.0,23.0,71,69,2,63276.0,3080156
2021-10-28,Nevada,0.0,438216,7630,647.0,31.0,68,67,1,63276.0,3080156
2021-10-29,Nevada,0.0,438216,7630,0.0,0.0,69,68,1,63276.0,3080156
2021-10-30,Nevada,0.0,438216,7630,0.0,0.0,74,72,2,63276.0,3080156
2021-10-31,Nevada,0.0,438216,7630,0.0,0.0,81,80,1,63276.0,3080156
2021-11-01,Nevada,0.0,440251,7655,2035.0,25.0,69,66,3,63276.0,3080156
2021-11-02,Nevada,0.0,441146,7667,895.0,12.0,97,92,5,63276.0,3080156
2021-11-03,Nevada,0.0,441916,7676,770.0,9.0,68,67,1,63276.0,3080156
2021-11-04,Nevada,0.0,442845,7691,929.0,15.0,68,67,1,63276.0,3080156
2021-11-05,Nevada,0.0,443641,7712,796.0,21.0,78,78,0,63276.0,3080156
2021-11-06,Nevada,0.0,443641,7712,0.0,0.0,72,71,1,63276.0,3080156
2021-11-07,Nevada,0.0,443641,7712,0.0,0.0,56,53,3,63276.0,3080156
2021-11-08,Nevada,0.0,445142,7758,1501.0,46.0,71,67,4,63276.0,3080156
2021-11-09,Nevada,0.0,445879,7777,737.0,19.0,102,100,2,63276.0,3080156
2021-11-10,Nevada,0.0,446461,7796,582.0,19.0,82,80,2,63276.0,3080156
2021-11-11,Nevada,0.0,446461,7796,0.0,0.0,69,69,0,63276.0,3080156
2021-11-12,Nevada,0.0,447746,7807,1285.0,11.0,62,61,1,63276.0,3080156
2021-11-13,Nevada,0.0,447746,7807,0.0,0.0,67,67,0,63276.0,3080156
2021-11-14,Nevada,0.0,447746,7807,0.0,0.0,61,59,2,63276.0,3080156
2021-11-15,Nevada,0.0,449331,7843,1585.0,36.0,62,61,1,63276.0,3080156
2021-11-16,Nevada,0.0,450186,7871,855.0,28.0,77,73,4,63276.0,3080156
2021-11-17,Nevada,0.0,450846,7882,660.0,11.0,71,71,0,63276.0,3080156
2021-11-18,Nevada,0.0,451547,7898,701.0,16.0,74,74,0,63276.0,3080156
2021-11-19,Nevada,0.0,452173,7917,626.0,19.0,61,60,1,63276.0,3080156
2021-11-20,Nevada,0.0,452173,7917,0.0,0.0,61,60,1,63276.0,3080156
2021-11-21,Nevada,0.0,452173,7917,0.0,0.0,62,61,1,63276.0,3080156
2021-11-22,Nevada,0.0,453771,7929,1598.0,12.0,74,74,0,63276.0,3080156
2021-11-23,Nevada,0.0,454351,7952,580.0,23.0,84,84,0,63276.0,3080156
2021-11-24,Nevada,0.0,454980,7971,629.0,19.0,63,63,0,63276.0,3080156
2021-11-25,Nevada,0.0,454980,7971,0.0,0.0,64,64,0,63276.0,3080156
2021-11-26,Nevada,0.0,454980,7971,0.0,0.0,73,73,0,63276.0,3080156
2021-11-27,Nevada,0.0,454980,7971,0.0,0.0,68,67,1,63276.0,3080156
2021-11-28,Nevada,0.0,454980,7971,0.0,0.0,72,71,1,63276.0,3080156
2021-11-29,Nevada,0.0,456803,7984,1823.0,13.0,78,78,0,63276.0,3080156
2021-11-30,Nevada,0.0,457643,8016,840.0,32.0,70,69,1,63276.0,3080156
2021-12-01,Nevada,0.0,458369,8031,726.0,15.0,64,63,1,63276.0,3080156
2021-12-02,Nevada,0.0,459249,8049,880.0,18.0,76,74,2,63276.0,3080156
2021-12-03,Nevada,0.0,459957,8069,708.0,20.0,77,75,2,63276.0,3080156
2021-12-04,Nevada,0.0,459957,8069,0.0,0.0,56,55,1,63276.0,3080156
2021-12-05,Nevada,0.0,459957,8069,0.0,0.0,60,60,0,63276.0,3080156
2021-12-06,Nevada,0.0,461479,8109,1522.0,40.0,82,78,4,63276.0,3080156
2021-12-07,Nevada,0.0,462159,8125,680.0,16.0,98,97,1,63276.0,3080156
2021-12-08,Nevada,0.0,462811,8145,652.0,20.0,90,86,4,63276.0,3080156
2021-12-09,Nevada,0.0,463803,8152,992.0,7.0,66,66,0,63276.0,3080156
2021-12-10,Nevada,0.0,464385,8188,582.0,36.0,60,60,0,63276.0,3080156
2021-12-11,Nevada,0.0,464385,8188,0.0,0.0,62,60,2,63276.0,3080156
2021-12-12,Nevada,0.0,464385,8188,0.0,0.0,67,65,2,63276.0,3080156
2021-12-13,Nevada,0.0,465906,8200,1521.0,12.0,73,71,2,63276.0,3080156
2021-12-14,Nevada,0.0,466583,8226,677.0,26.0,75,73,2,63276.0,3080156
2021-12-15,Nevada,0.0,467205,8243,622.0,17.0,71,70,1,63276.0,3080156
2021-12-16,Nevada,0.0,468023,8262,818.0,19.0,72,71,1,63276.0,3080156
2021-12-17,Nevada,0.0,468953,8277,930.0,15.0,84,83,1,63276.0,3080156
2021-12-18,Nevada,0.0,468953,8277,0.0,0.0,78,75,3,63276.0,3080156
2021-12-19,Nevada,0.0,468953,8277,0.0,0.0,85,84,1,63276.0,3080156
2021-12-20,Nevada,0.0,470600,8310,1647.0,33.0,79,78,1,63276.0,3080156
2021-12-21,Nevada,0.0,471739,8338,1139.0,28.0,71,71,0,63276.0,3080156
2021-12-22,Nevada,0.0,472739,8353,1000.0,15.0,94,92,2,63276.0,3080156
2021-12-23,Nevada,0.0,474023,8363,1284.0,10.0,99,97,2,63276.0,3080156
2021-12-24,Nevada,0.0,474023,8363,0.0,0.0,74,72,2,63276.0,3080156
2021-12-25,Nevada,0.0,474023,8363,0.0,0.0,89,86,3,63276.0,3080156
2021-12-26,Nevada,0.0,474023,8363,0.0,0.0,87,82,5,63276.0,3080156
2021-12-27,Nevada,0.0,477677,8366,3654.0,3.0,96,94,2,63276.0,3080156
2021-12-28,Nevada,0.0,479231,8391,1554.0,25.0,122,119,3,63276.0,3080156
2021-12-29,Nevada,0.0,481714,8406,2483.0,15.0,121,119,2,63276.0,3080156
2021-12-30,Nevada,0.0,484641,8419,2927.0,13.0,129,126,3,63276.0,3080156
2021-12-31,Nevada,0.0,484641,8419,0.0,0.0,148,143,5,63276.0,3080156
2022-01-01,Nevada,0.0,484641,8419,0.0,0.0,159,155,4,63276.0,3080156
2022-01-02,Nevada,0.0,484641,8419,0.0,0.0,128,124,4,63276.0,3080156
2022-01-03,Nevada,0.0,497084,8427,12443.0,8.0,163,161,2,63276.0,3080156
2022-01-04,Nevada,0.0,499613,8467,2529.0,40.0,189,182,7,63276.0,3080156
2022-01-05,Nevada,0.0,502392,8487,2779.0,20.0,164,159,5,63276.0,3080156
2022-01-06,Nevada,0.0,504729,8505,2337.0,18.0,222,213,9,63276.0,3080156
2022-01-07,Nevada,0.0,509472,8509,4743.0,4.0,238,231,7,63276.0,3080156
2022-01-08,Nevada,0.0,509472,8509,0.0,0.0,185,181,4,63276.0,3080156
2022-01-09,Nevada,0.0,509472,8509,0.0,0.0,203,198,5,63276.0,3080156
2022-01-10,Nevada,0.0,525511,8527,16039.0,18.0,264,261,3,63276.0,3080156
2022-01-11,Nevada,0.0,530344,8560,4833.0,33.0,201,192,9,63276.0,3080156
2022-01-12,Nevada,0.0,536257,8583,5913.0,23.0,238,228,10,63276.0,3080156
2022-01-13,Nevada,0.0,543102,8605,6845.0,22.0,230,225,5,63276.0,3080156
2022-01-14,Nevada,0.0,549198,8626,6096.0,21.0,270,263,7,63276.0,3080156
2022-01-15,Nevada,0.0,549198,8626,0.0,0.0,189,180,9,63276.0,3080156
2022-01-16,Nevada,0.0,549198,8626,0.0,0.0,187,180,7,63276.0,3080156
2022-01-17,Nevada,0.0,572769,8627,23571.0,1.0,238,233,5,63276.0,3080156
2022-01-18,Nevada,0.0,570616,8653,-2153.0,26.0,248,238,10,63276.0,3080156
2022-01-19,Nevada,0.0,601682,8687,31066.0,34.0,239,235,4,63276.0,3080156
2022-01-20,Nevada,0.0,607857,8708,6175.0,21.0,227,215,12,63276.0,3080156
2022-01-21,Nevada,0.0,614505,8735,6648.0,27.0,211,206,5,63276.0,3080156
2022-01-22,Nevada,0.0,614505,8735,0.0,0.0,205,197,8,63276.0,3080156
2022-01-23,Nevada,0.0,614505,8735,0.0,0.0,193,189,4,63276.0,3080156
2022-01-24,Nevada,0.0,630343,8759,15838.0,24.0,224,215,9,63276.0,3080156
2022-01-25,Nevada,0.0,633955,8796,3612.0,37.0,211,206,5,63276.0,3080156
2022-01-26,Nevada,0.0,638931,8836,4976.0,40.0,187,184,3,63276.0,3080156
2022-01-27,Nevada,0.0,643695,8874,4764.0,38.0,180,175,5,63276.0,3080156
2022-01-28,Nevada,0.0,648088,8913,4393.0,39.0,171,168,3,63276.0,3080156
2022-01-29,Nevada,0.0,648088,8913,0.0,0.0,173,167,6,63276.0,3080156
2022-01-30,Nevada,0.0,648088,8913,0.0,0.0,173,167,6,63276.0,3080156
