date,state,county,fips,cases,deaths,cases_diff,deaths_diff,hospitalization_total,hospitalization_total_adult,hospitalization_total_pediatric,household_median_income,population
2020-01-22,Texas,Angelina,48005.0,0,0,0.0,0.0,0,0,0,53320.0,86715
2020-01-23,Texas,Angelina,48005.0,0,0,0.0,0.0,0,0,0,53320.0,86715
2020-01-24,Texas,Angelina,48005.0,0,0,0.0,0.0,0,0,0,53320.0,86715
2020-01-25,Texas,Angelina,48005.0,0,0,0.0,0.0,0,0,0,53320.0,86715
2020-01-26,Texas,Angelina,48005.0,0,0,0.0,0.0,0,0,0,53320.0,86715
2020-01-27,Texas,Angelina,48005.0,0,0,0.0,0.0,0,0,0,53320.0,86715
2020-01-28,Texas,Angelina,48005.0,0,0,0.0,0.0,0,0,0,53320.0,86715
2020-01-29,Texas,Angelina,48005.0,0,0,0.0,0.0,0,0,0,53320.0,86715
2020-01-30,Texas,Angelina,48005.0,0,0,0.0,0.0,0,0,0,53320.0,86715
2020-01-31,Texas,Angelina,48005.0,0,0,0.0,0.0,0,0,0,53320.0,86715
2020-02-01,Texas,Angelina,48005.0,0,0,0.0,0.0,0,0,0,53320.0,86715
2020-02-02,Texas,Angelina,48005.0,0,0,0.0,0.0,0,0,0,53320.0,86715
2020-02-03,Texas,Angelina,48005.0,0,0,0.0,0.0,0,0,0,53320.0,86715
2020-02-04,Texas,Angelina,48005.0,0,0,0.0,0.0,0,0,0,53320.0,86715
2020-02-05,Texas,Angelina,48005.0,0,0,0.0,0.0,0,0,0,53320.0,86715
2020-02-06,Texas,Angelina,48005.0,0,0,0.0,0.0,0,0,0,53320.0,86715
2020-02-07,Texas,Angelina,48005.0,0,0,0.0,0.0,0,0,0,53320.0,86715
2020-02-08,Texas,Angelina,48005.0,0,0,0.0,0.0,0,0,0,53320.0,86715
2020-02-09,Texas,Angelina,48005.0,0,0,0.0,0.0,0,0,0,53320.0,86715
2020-02-10,Texas,Angelina,48005.0,0,0,0.0,0.0,0,0,0,53320.0,86715
2020-02-11,Texas,Angelina,48005.0,0,0,0.0,0.0,0,0,0,53320.0,86715
2020-02-12,Texas,Angelina,48005.0,0,0,0.0,0.0,0,0,0,53320.0,86715
2020-02-13,Texas,Angelina,48005.0,0,0,0.0,0.0,0,0,0,53320.0,86715
2020-02-14,Texas,Angelina,48005.0,0,0,0.0,0.0,0,0,0,53320.0,86715
2020-02-15,Texas,Angelina,48005.0,0,0,0.0,0.0,0,0,0,53320.0,86715
2020-02-16,Texas,Angelina,48005.0,0,0,0.0,0.0,0,0,0,53320.0,86715
2020-02-17,Texas,Angelina,48005.0,0,0,0.0,0.0,0,0,0,53320.0,86715
2020-02-18,Texas,Angelina,48005.0,0,0,0.0,0.0,0,0,0,53320.0,86715
2020-02-19,Texas,Angelina,48005.0,0,0,0.0,0.0,0,0,0,53320.0,86715
2020-02-20,Texas,Angelina,48005.0,0,0,0.0,0.0,0,0,0,53320.0,86715
2020-02-21,Texas,Angelina,48005.0,0,0,0.0,0.0,0,0,0,53320.0,86715
2020-02-22,Texas,Angelina,48005.0,0,0,0.0,0.0,0,0,0,53320.0,86715
2020-02-23,Texas,Angelina,48005.0,0,0,0.0,0.0,0,0,0,53320.0,86715
2020-02-24,Texas,Angelina,48005.0,0,0,0.0,0.0,0,0,0,53320.0,86715
2020-02-25,Texas,Angelina,48005.0,0,0,0.0,0.0,0,0,0,53320.0,86715
2020-02-26,Texas,Angelina,48005.0,0,0,0.0,0.0,0,0,0,53320.0,86715
2020-02-27,Texas,Angelina,48005.0,0,0,0.0,0.0,0,0,0,53320.0,86715
2020-02-28,Texas,Angelina,48005.0,0,0,0.0,0.0,0,0,0,53320.0,86715
2020-02-29,Texas,Angelina,48005.0,0,0,0.0,0.0,0,0,0,53320.0,86715
2020-03-01,Texas,Angelina,48005.0,0,0,0.0,0.0,0,0,0,53320.0,86715
2020-03-02,Texas,Angelina,48005.0,0,0,0.0,0.0,0,0,0,53320.0,86715
2020-03-03,Texas,Angelina,48005.0,0,0,0.0,0.0,0,0,0,53320.0,86715
2020-03-04,Texas,Angelina,48005.0,0,0,0.0,0.0,0,0,0,53320.0,86715
2020-03-05,Texas,Angelina,48005.0,0,0,0.0,0.0,0,0,0,53320.0,86715
2020-03-06,Texas,Angelina,48005.0,0,0,0.0,0.0,0,0,0,53320.0,86715
2020-03-07,Texas,Angelina,48005.0,0,0,0.0,0.0,0,0,0,53320.0,86715
2020-03-08,Texas,Angelina,48005.0,0,0,0.0,0.0,0,0,0,53320.0,86715
2020-03-09,Texas,Angelina,48005.0,0,0,0.0,0.0,0,0,0,53320.0,86715
2020-03-10,Texas,Angelina,48005.0,0,0,0.0,0.0,0,0,0,53320.0,86715
2020-03-11,Texas,Angelina,48005.0,0,0,0.0,0.0,0,0,0,53320.0,86715
2020-03-12,Texas,Angelina,48005.0,0,0,0.0,0.0,0,0,0,53320.0,86715
2020-03-13,Texas,Angelina,48005.0,0,0,0.0,0.0,0,0,0,53320.0,86715
2020-03-14,Texas,Angelina,48005.0,0,0,0.0,0.0,0,0,0,53320.0,86715
2020-03-15,Texas,Angelina,48005.0,0,0,0.0,0.0,0,0,0,53320.0,86715
2020-03-16,Texas,Angelina,48005.0,0,0,0.0,0.0,0,0,0,53320.0,86715
2020-03-17,Texas,Angelina,48005.0,0,0,0.0,0.0,0,0,0,53320.0,86715
2020-03-18,Texas,Angelina,48005.0,0,0,0.0,0.0,0,0,0,53320.0,86715
2020-03-19,Texas,Angelina,48005.0,0,0,0.0,0.0,0,0,0,53320.0,86715
2020-03-20,Texas,Angelina,48005.0,0,0,0.0,0.0,0,0,0,53320.0,86715
2020-03-21,Texas,Angelina,48005.0,0,0,0.0,0.0,0,0,0,53320.0,86715
2020-03-22,Texas,Angelina,48005.0,0,0,0.0,0.0,0,0,0,53320.0,86715
2020-03-23,Texas,Angelina,48005.0,0,0,0.0,0.0,0,0,0,53320.0,86715
2020-03-24,Texas,Angelina,48005.0,0,0,0.0,0.0,0,0,0,53320.0,86715
2020-03-25,Texas,Angelina,48005.0,0,0,0.0,0.0,0,0,0,53320.0,86715
2020-03-26,Texas,Angelina,48005.0,1,0,1.0,0.0,0,0,0,53320.0,86715
2020-03-27,Texas,Angelina,48005.0,2,0,1.0,0.0,0,0,0,53320.0,86715
2020-03-28,Texas,Angelina,48005.0,1,0,-1.0,0.0,0,0,0,53320.0,86715
2020-03-29,Texas,Angelina,48005.0,3,0,2.0,0.0,0,0,0,53320.0,86715
2020-03-30,Texas,Angelina,48005.0,3,0,0.0,0.0,0,0,0,53320.0,86715
2020-03-31,Texas,Angelina,48005.0,5,0,2.0,0.0,0,0,0,53320.0,86715
2020-04-01,Texas,Angelina,48005.0,3,0,-2.0,0.0,0,0,0,53320.0,86715
2020-04-02,Texas,Angelina,48005.0,6,0,3.0,0.0,0,0,0,53320.0,86715
2020-04-03,Texas,Angelina,48005.0,7,0,1.0,0.0,0,0,0,53320.0,86715
2020-04-04,Texas,Angelina,48005.0,7,0,0.0,0.0,0,0,0,53320.0,86715
2020-04-05,Texas,Angelina,48005.0,8,0,1.0,0.0,1,1,0,53320.0,86715
2020-04-06,Texas,Angelina,48005.0,10,0,2.0,0.0,1,1,0,53320.0,86715
2020-04-07,Texas,Angelina,48005.0,10,0,0.0,0.0,1,1,0,53320.0,86715
2020-04-08,Texas,Angelina,48005.0,11,0,1.0,0.0,1,1,0,53320.0,86715
2020-04-09,Texas,Angelina,48005.0,11,0,0.0,0.0,1,1,0,53320.0,86715
2020-04-10,Texas,Angelina,48005.0,11,0,0.0,0.0,1,1,0,53320.0,86715
2020-04-11,Texas,Angelina,48005.0,11,0,0.0,0.0,1,1,0,53320.0,86715
2020-04-12,Texas,Angelina,48005.0,11,0,0.0,0.0,1,1,0,53320.0,86715
2020-04-13,Texas,Angelina,48005.0,12,0,1.0,0.0,1,1,0,53320.0,86715
2020-04-14,Texas,Angelina,48005.0,12,0,0.0,0.0,1,1,0,53320.0,86715
2020-04-15,Texas,Angelina,48005.0,14,0,2.0,0.0,1,1,0,53320.0,86715
2020-04-16,Texas,Angelina,48005.0,18,0,4.0,0.0,1,1,0,53320.0,86715
2020-04-17,Texas,Angelina,48005.0,18,0,0.0,0.0,1,1,0,53320.0,86715
2020-04-18,Texas,Angelina,48005.0,18,0,0.0,0.0,1,1,0,53320.0,86715
2020-04-19,Texas,Angelina,48005.0,18,0,0.0,0.0,1,1,0,53320.0,86715
2020-04-20,Texas,Angelina,48005.0,22,0,4.0,0.0,1,1,0,53320.0,86715
2020-04-21,Texas,Angelina,48005.0,22,0,0.0,0.0,1,1,0,53320.0,86715
2020-04-22,Texas,Angelina,48005.0,22,0,0.0,0.0,1,1,0,53320.0,86715
2020-04-23,Texas,Angelina,48005.0,25,0,3.0,0.0,1,1,0,53320.0,86715
2020-04-24,Texas,Angelina,48005.0,28,0,3.0,0.0,1,1,0,53320.0,86715
2020-04-25,Texas,Angelina,48005.0,28,0,0.0,0.0,1,1,0,53320.0,86715
2020-04-26,Texas,Angelina,48005.0,28,0,0.0,0.0,1,1,0,53320.0,86715
2020-04-27,Texas,Angelina,48005.0,31,0,3.0,0.0,1,1,0,53320.0,86715
2020-04-28,Texas,Angelina,48005.0,34,0,3.0,0.0,1,1,0,53320.0,86715
2020-04-29,Texas,Angelina,48005.0,36,0,2.0,0.0,1,1,0,53320.0,86715
2020-04-30,Texas,Angelina,48005.0,37,0,1.0,0.0,1,1,0,53320.0,86715
2020-05-01,Texas,Angelina,48005.0,38,0,1.0,0.0,1,1,0,53320.0,86715
2020-05-02,Texas,Angelina,48005.0,39,0,1.0,0.0,1,1,0,53320.0,86715
2020-05-03,Texas,Angelina,48005.0,39,0,0.0,0.0,1,1,0,53320.0,86715
2020-05-04,Texas,Angelina,48005.0,43,0,4.0,0.0,1,1,0,53320.0,86715
2020-05-05,Texas,Angelina,48005.0,54,0,11.0,0.0,1,1,0,53320.0,86715
2020-05-06,Texas,Angelina,48005.0,55,0,1.0,0.0,1,1,0,53320.0,86715
2020-05-07,Texas,Angelina,48005.0,58,0,3.0,0.0,1,1,0,53320.0,86715
2020-05-08,Texas,Angelina,48005.0,60,0,2.0,0.0,1,1,0,53320.0,86715
2020-05-09,Texas,Angelina,48005.0,60,0,0.0,0.0,1,1,0,53320.0,86715
2020-05-10,Texas,Angelina,48005.0,60,0,0.0,0.0,1,1,0,53320.0,86715
2020-05-11,Texas,Angelina,48005.0,61,0,1.0,0.0,1,1,0,53320.0,86715
2020-05-12,Texas,Angelina,48005.0,62,1,1.0,1.0,1,1,0,53320.0,86715
2020-05-13,Texas,Angelina,48005.0,63,1,1.0,0.0,1,1,0,53320.0,86715
2020-05-14,Texas,Angelina,48005.0,69,1,6.0,0.0,1,1,0,53320.0,86715
2020-05-15,Texas,Angelina,48005.0,69,1,0.0,0.0,1,1,0,53320.0,86715
2020-05-16,Texas,Angelina,48005.0,69,1,0.0,0.0,1,1,0,53320.0,86715
2020-05-17,Texas,Angelina,48005.0,69,1,0.0,0.0,1,1,0,53320.0,86715
2020-05-18,Texas,Angelina,48005.0,75,1,6.0,0.0,1,1,0,53320.0,86715
2020-05-19,Texas,Angelina,48005.0,77,1,2.0,0.0,1,1,0,53320.0,86715
2020-05-20,Texas,Angelina,48005.0,79,2,2.0,1.0,1,1,0,53320.0,86715
2020-05-21,Texas,Angelina,48005.0,80,2,1.0,0.0,1,1,0,53320.0,86715
2020-05-22,Texas,Angelina,48005.0,81,2,1.0,0.0,1,1,0,53320.0,86715
2020-05-23,Texas,Angelina,48005.0,81,2,0.0,0.0,1,1,0,53320.0,86715
2020-05-24,Texas,Angelina,48005.0,81,2,0.0,0.0,1,1,0,53320.0,86715
2020-05-25,Texas,Angelina,48005.0,81,2,0.0,0.0,1,1,0,53320.0,86715
2020-05-26,Texas,Angelina,48005.0,81,2,0.0,0.0,1,1,0,53320.0,86715
2020-05-27,Texas,Angelina,48005.0,85,4,4.0,2.0,1,1,0,53320.0,86715
2020-05-28,Texas,Angelina,48005.0,87,4,2.0,0.0,1,1,0,53320.0,86715
2020-05-29,Texas,Angelina,48005.0,87,4,0.0,0.0,1,1,0,53320.0,86715
2020-05-30,Texas,Angelina,48005.0,87,4,0.0,0.0,1,1,0,53320.0,86715
2020-05-31,Texas,Angelina,48005.0,87,4,0.0,0.0,1,1,0,53320.0,86715
2020-06-01,Texas,Angelina,48005.0,88,4,1.0,0.0,1,1,0,53320.0,86715
2020-06-02,Texas,Angelina,48005.0,88,5,0.0,1.0,1,1,0,53320.0,86715
2020-06-03,Texas,Angelina,48005.0,88,5,0.0,0.0,1,1,0,53320.0,86715
2020-06-04,Texas,Angelina,48005.0,141,5,53.0,0.0,1,1,0,53320.0,86715
2020-06-05,Texas,Angelina,48005.0,157,5,16.0,0.0,1,1,0,53320.0,86715
2020-06-06,Texas,Angelina,48005.0,163,5,6.0,0.0,1,1,0,53320.0,86715
2020-06-07,Texas,Angelina,48005.0,163,5,0.0,0.0,1,1,0,53320.0,86715
2020-06-08,Texas,Angelina,48005.0,166,5,3.0,0.0,1,1,0,53320.0,86715
2020-06-09,Texas,Angelina,48005.0,190,5,24.0,0.0,1,1,0,53320.0,86715
2020-06-10,Texas,Angelina,48005.0,207,5,17.0,0.0,1,1,0,53320.0,86715
2020-06-11,Texas,Angelina,48005.0,213,5,6.0,0.0,1,1,0,53320.0,86715
2020-06-12,Texas,Angelina,48005.0,231,5,18.0,0.0,1,1,0,53320.0,86715
2020-06-13,Texas,Angelina,48005.0,231,5,0.0,0.0,1,1,0,53320.0,86715
2020-06-14,Texas,Angelina,48005.0,233,5,2.0,0.0,1,1,0,53320.0,86715
2020-06-15,Texas,Angelina,48005.0,238,5,5.0,0.0,1,1,0,53320.0,86715
2020-06-16,Texas,Angelina,48005.0,239,5,1.0,0.0,1,1,0,53320.0,86715
2020-06-17,Texas,Angelina,48005.0,251,5,12.0,0.0,1,1,0,53320.0,86715
2020-06-18,Texas,Angelina,48005.0,267,6,16.0,1.0,2,1,0,53320.0,86715
2020-06-19,Texas,Angelina,48005.0,291,6,24.0,0.0,2,2,0,53320.0,86715
2020-06-20,Texas,Angelina,48005.0,300,6,9.0,0.0,2,2,0,53320.0,86715
2020-06-21,Texas,Angelina,48005.0,311,6,11.0,0.0,2,2,0,53320.0,86715
2020-06-22,Texas,Angelina,48005.0,321,6,10.0,0.0,2,2,0,53320.0,86715
2020-06-23,Texas,Angelina,48005.0,323,6,2.0,0.0,2,2,0,53320.0,86715
2020-06-24,Texas,Angelina,48005.0,337,6,14.0,0.0,2,2,0,53320.0,86715
2020-06-25,Texas,Angelina,48005.0,337,6,0.0,0.0,2,2,0,53320.0,86715
2020-06-26,Texas,Angelina,48005.0,339,6,2.0,0.0,3,2,0,53320.0,86715
2020-06-27,Texas,Angelina,48005.0,348,6,9.0,0.0,3,3,0,53320.0,86715
2020-06-28,Texas,Angelina,48005.0,365,6,17.0,0.0,3,3,0,53320.0,86715
2020-06-29,Texas,Angelina,48005.0,373,6,8.0,0.0,3,3,0,53320.0,86715
2020-06-30,Texas,Angelina,48005.0,385,6,12.0,0.0,3,3,0,53320.0,86715
2020-07-01,Texas,Angelina,48005.0,393,9,8.0,3.0,3,3,0,53320.0,86715
2020-07-02,Texas,Angelina,48005.0,456,9,63.0,0.0,4,3,0,53320.0,86715
2020-07-03,Texas,Angelina,48005.0,473,9,17.0,0.0,4,4,0,53320.0,86715
2020-07-04,Texas,Angelina,48005.0,484,9,11.0,0.0,4,4,0,53320.0,86715
2020-07-05,Texas,Angelina,48005.0,486,9,2.0,0.0,4,4,0,53320.0,86715
2020-07-06,Texas,Angelina,48005.0,496,9,10.0,0.0,4,4,0,53320.0,86715
2020-07-07,Texas,Angelina,48005.0,514,9,18.0,0.0,4,4,0,53320.0,86715
2020-07-08,Texas,Angelina,48005.0,517,9,3.0,0.0,5,4,0,53320.0,86715
2020-07-09,Texas,Angelina,48005.0,540,9,23.0,0.0,5,4,0,53320.0,86715
2020-07-10,Texas,Angelina,48005.0,541,9,1.0,0.0,5,5,0,53320.0,86715
2020-07-11,Texas,Angelina,48005.0,565,9,24.0,0.0,5,5,0,53320.0,86715
2020-07-12,Texas,Angelina,48005.0,578,9,13.0,0.0,5,5,0,53320.0,86715
2020-07-13,Texas,Angelina,48005.0,595,9,17.0,0.0,5,5,0,53320.0,86715
2020-07-14,Texas,Angelina,48005.0,612,12,17.0,3.0,5,5,0,53320.0,86715
2020-07-15,Texas,Angelina,48005.0,631,12,19.0,0.0,4,4,0,53320.0,86715
2020-07-16,Texas,Angelina,48005.0,640,12,9.0,0.0,4,4,0,53320.0,86715
2020-07-17,Texas,Angelina,48005.0,646,12,6.0,0.0,3,3,0,53320.0,86715
2020-07-18,Texas,Angelina,48005.0,686,12,40.0,0.0,3,3,0,53320.0,86715
2020-07-19,Texas,Angelina,48005.0,703,12,17.0,0.0,3,3,0,53320.0,86715
2020-07-20,Texas,Angelina,48005.0,714,12,11.0,0.0,4,3,0,53320.0,86715
2020-07-21,Texas,Angelina,48005.0,743,12,29.0,0.0,4,3,0,53320.0,86715
2020-07-22,Texas,Angelina,48005.0,775,14,32.0,2.0,2,2,0,53320.0,86715
2020-07-23,Texas,Angelina,48005.0,793,14,18.0,0.0,3,3,0,53320.0,86715
2020-07-24,Texas,Angelina,48005.0,826,14,33.0,0.0,4,4,0,53320.0,86715
2020-07-25,Texas,Angelina,48005.0,908,14,82.0,0.0,0,0,0,53320.0,86715
2020-07-26,Texas,Angelina,48005.0,933,14,25.0,0.0,0,0,0,53320.0,86715
2020-07-27,Texas,Angelina,48005.0,965,30,32.0,16.0,1,1,0,53320.0,86715
2020-07-28,Texas,Angelina,48005.0,981,31,16.0,1.0,0,0,0,53320.0,86715
2020-07-29,Texas,Angelina,48005.0,981,31,0.0,0.0,0,0,0,53320.0,86715
2020-07-30,Texas,Angelina,48005.0,1027,32,46.0,1.0,0,0,0,53320.0,86715
2020-07-31,Texas,Angelina,48005.0,1087,32,60.0,0.0,0,0,0,53320.0,86715
2020-08-01,Texas,Angelina,48005.0,1181,35,94.0,3.0,3,3,0,53320.0,86715
2020-08-02,Texas,Angelina,48005.0,1211,35,30.0,0.0,3,3,0,53320.0,86715
2020-08-03,Texas,Angelina,48005.0,1214,36,3.0,1.0,3,3,0,53320.0,86715
2020-08-04,Texas,Angelina,48005.0,1294,37,80.0,1.0,3,3,0,53320.0,86715
2020-08-05,Texas,Angelina,48005.0,1323,38,29.0,1.0,3,3,0,53320.0,86715
2020-08-06,Texas,Angelina,48005.0,1331,40,8.0,2.0,3,3,0,53320.0,86715
2020-08-07,Texas,Angelina,48005.0,1349,43,18.0,3.0,3,3,0,53320.0,86715
2020-08-08,Texas,Angelina,48005.0,1458,45,109.0,2.0,1,1,0,53320.0,86715
2020-08-09,Texas,Angelina,48005.0,1491,45,33.0,0.0,0,0,0,53320.0,86715
2020-08-10,Texas,Angelina,48005.0,1515,45,24.0,0.0,0,0,0,53320.0,86715
2020-08-11,Texas,Angelina,48005.0,1559,46,44.0,1.0,0,0,0,53320.0,86715
2020-08-12,Texas,Angelina,48005.0,1577,47,18.0,1.0,0,0,0,53320.0,86715
2020-08-13,Texas,Angelina,48005.0,1586,49,9.0,2.0,1,1,0,53320.0,86715
2020-08-14,Texas,Angelina,48005.0,1620,49,34.0,0.0,0,0,0,53320.0,86715
2020-08-15,Texas,Angelina,48005.0,1631,54,11.0,5.0,1,1,0,53320.0,86715
2020-08-16,Texas,Angelina,48005.0,1631,54,0.0,0.0,0,0,0,53320.0,86715
2020-08-17,Texas,Angelina,48005.0,1644,54,13.0,0.0,0,0,0,53320.0,86715
2020-08-18,Texas,Angelina,48005.0,1665,54,21.0,0.0,0,0,0,53320.0,86715
2020-08-19,Texas,Angelina,48005.0,1676,54,11.0,0.0,0,0,0,53320.0,86715
2020-08-20,Texas,Angelina,48005.0,1681,55,5.0,1.0,0,0,0,53320.0,86715
2020-08-21,Texas,Angelina,48005.0,1691,58,10.0,3.0,1,1,0,53320.0,86715
2020-08-22,Texas,Angelina,48005.0,1695,61,4.0,3.0,1,1,0,53320.0,86715
2020-08-23,Texas,Angelina,48005.0,1699,61,4.0,0.0,0,0,0,53320.0,86715
2020-08-24,Texas,Angelina,48005.0,1700,62,1.0,1.0,0,0,0,53320.0,86715
2020-08-25,Texas,Angelina,48005.0,1704,63,4.0,1.0,0,0,0,53320.0,86715
2020-08-26,Texas,Angelina,48005.0,1714,63,10.0,0.0,0,0,0,53320.0,86715
2020-08-27,Texas,Angelina,48005.0,1717,65,3.0,2.0,1,1,0,53320.0,86715
2020-08-28,Texas,Angelina,48005.0,1722,66,5.0,1.0,0,0,0,53320.0,86715
2020-08-29,Texas,Angelina,48005.0,1730,66,8.0,0.0,0,0,0,53320.0,86715
2020-08-30,Texas,Angelina,48005.0,1731,66,1.0,0.0,0,0,0,53320.0,86715
2020-08-31,Texas,Angelina,48005.0,1738,67,7.0,1.0,0,0,0,53320.0,86715
2020-09-01,Texas,Angelina,48005.0,1743,69,5.0,2.0,0,0,0,53320.0,86715
2020-09-02,Texas,Angelina,48005.0,1748,69,5.0,0.0,0,0,0,53320.0,86715
2020-09-03,Texas,Angelina,48005.0,1750,69,2.0,0.0,0,0,0,53320.0,86715
2020-09-04,Texas,Angelina,48005.0,1751,70,1.0,1.0,0,0,0,53320.0,86715
2020-09-05,Texas,Angelina,48005.0,1758,71,7.0,1.0,3,3,0,53320.0,86715
2020-09-06,Texas,Angelina,48005.0,1762,71,4.0,0.0,0,0,0,53320.0,86715
2020-09-07,Texas,Angelina,48005.0,1765,72,3.0,1.0,3,3,0,53320.0,86715
2020-09-08,Texas,Angelina,48005.0,1767,72,2.0,0.0,0,0,0,53320.0,86715
2020-09-09,Texas,Angelina,48005.0,1772,71,5.0,-1.0,-3,-3,0,53320.0,86715
2020-09-10,Texas,Angelina,48005.0,1784,71,12.0,0.0,0,0,0,53320.0,86715
2020-09-11,Texas,Angelina,48005.0,1785,72,1.0,1.0,3,3,0,53320.0,86715
2020-09-12,Texas,Angelina,48005.0,1792,74,7.0,2.0,1,1,0,53320.0,86715
2020-09-13,Texas,Angelina,48005.0,1806,77,14.0,3.0,1,1,0,53320.0,86715
2020-09-14,Texas,Angelina,48005.0,1809,77,3.0,0.0,0,0,0,53320.0,86715
2020-09-15,Texas,Angelina,48005.0,1811,77,2.0,0.0,0,0,0,53320.0,86715
2020-09-16,Texas,Angelina,48005.0,1816,77,5.0,0.0,0,0,0,53320.0,86715
2020-09-17,Texas,Angelina,48005.0,1826,77,10.0,0.0,0,0,0,53320.0,86715
2020-09-18,Texas,Angelina,48005.0,1833,77,7.0,0.0,0,0,0,53320.0,86715
2020-09-19,Texas,Angelina,48005.0,1844,79,11.0,2.0,0,0,0,53320.0,86715
2020-09-20,Texas,Angelina,48005.0,1845,79,1.0,0.0,0,0,0,53320.0,86715
2020-09-21,Texas,Angelina,48005.0,1853,79,8.0,0.0,0,0,0,53320.0,86715
2020-09-22,Texas,Angelina,48005.0,1854,79,1.0,0.0,0,0,0,53320.0,86715
2020-09-23,Texas,Angelina,48005.0,1855,80,1.0,1.0,0,0,0,53320.0,86715
2020-09-24,Texas,Angelina,48005.0,1863,80,8.0,0.0,0,0,0,53320.0,86715
2020-09-25,Texas,Angelina,48005.0,1866,80,3.0,0.0,0,0,0,53320.0,86715
2020-09-26,Texas,Angelina,48005.0,1866,81,0.0,1.0,1,1,0,53320.0,86715
2020-09-27,Texas,Angelina,48005.0,1866,82,0.0,1.0,1,1,0,53320.0,86715
2020-09-28,Texas,Angelina,48005.0,1878,82,12.0,0.0,0,0,0,53320.0,86715
2020-09-29,Texas,Angelina,48005.0,1885,82,7.0,0.0,0,0,0,53320.0,86715
2020-09-30,Texas,Angelina,48005.0,1892,83,7.0,1.0,1,1,0,53320.0,86715
2020-10-01,Texas,Angelina,48005.0,1896,83,4.0,0.0,0,0,0,53320.0,86715
2020-10-02,Texas,Angelina,48005.0,1900,83,4.0,0.0,0,0,0,53320.0,86715
2020-10-03,Texas,Angelina,48005.0,1905,83,5.0,0.0,0,0,0,53320.0,86715
2020-10-04,Texas,Angelina,48005.0,1905,83,0.0,0.0,0,0,0,53320.0,86715
2020-10-05,Texas,Angelina,48005.0,1907,83,2.0,0.0,0,0,0,53320.0,86715
2020-10-06,Texas,Angelina,48005.0,1909,84,2.0,1.0,1,1,0,53320.0,86715
2020-10-07,Texas,Angelina,48005.0,1910,84,1.0,0.0,0,0,0,53320.0,86715
2020-10-08,Texas,Angelina,48005.0,1913,85,3.0,1.0,1,1,0,53320.0,86715
2020-10-09,Texas,Angelina,48005.0,1918,85,5.0,0.0,0,0,0,53320.0,86715
2020-10-10,Texas,Angelina,48005.0,1919,86,1.0,1.0,2,2,0,53320.0,86715
2020-10-11,Texas,Angelina,48005.0,1919,86,0.0,0.0,0,0,0,53320.0,86715
2020-10-12,Texas,Angelina,48005.0,1921,86,2.0,0.0,0,0,0,53320.0,86715
2020-10-13,Texas,Angelina,48005.0,1922,86,1.0,0.0,0,0,0,53320.0,86715
2020-10-14,Texas,Angelina,48005.0,1922,86,0.0,0.0,0,0,0,53320.0,86715
2020-10-15,Texas,Angelina,48005.0,1924,86,2.0,0.0,0,0,0,53320.0,86715
2020-10-16,Texas,Angelina,48005.0,1924,87,0.0,1.0,2,2,0,53320.0,86715
2020-10-17,Texas,Angelina,48005.0,1924,87,0.0,0.0,0,0,0,53320.0,86715
2020-10-18,Texas,Angelina,48005.0,1925,88,1.0,1.0,1,1,0,53320.0,86715
2020-10-19,Texas,Angelina,48005.0,1931,88,6.0,0.0,0,0,0,53320.0,86715
2020-10-20,Texas,Angelina,48005.0,1935,88,4.0,0.0,0,0,0,53320.0,86715
2020-10-21,Texas,Angelina,48005.0,1936,90,1.0,2.0,1,1,0,53320.0,86715
2020-10-22,Texas,Angelina,48005.0,1937,90,1.0,0.0,0,0,0,53320.0,86715
2020-10-23,Texas,Angelina,48005.0,1939,90,2.0,0.0,0,0,0,53320.0,86715
2020-10-24,Texas,Angelina,48005.0,1940,90,1.0,0.0,0,0,0,53320.0,86715
2020-10-25,Texas,Angelina,48005.0,1940,90,0.0,0.0,0,0,0,53320.0,86715
2020-10-26,Texas,Angelina,48005.0,1941,90,1.0,0.0,0,0,0,53320.0,86715
2020-10-27,Texas,Angelina,48005.0,1945,91,4.0,1.0,1,1,0,53320.0,86715
2020-10-28,Texas,Angelina,48005.0,1945,92,0.0,1.0,1,1,0,53320.0,86715
2020-10-29,Texas,Angelina,48005.0,1950,92,5.0,0.0,0,0,0,53320.0,86715
2020-10-30,Texas,Angelina,48005.0,1950,92,0.0,0.0,0,0,0,53320.0,86715
2020-10-31,Texas,Angelina,48005.0,1951,93,1.0,1.0,2,2,0,53320.0,86715
2020-11-01,Texas,Angelina,48005.0,1951,93,0.0,0.0,0,0,0,53320.0,86715
2020-11-02,Texas,Angelina,48005.0,1953,93,2.0,0.0,0,0,0,53320.0,86715
2020-11-03,Texas,Angelina,48005.0,1958,93,5.0,0.0,0,0,0,53320.0,86715
2020-11-04,Texas,Angelina,48005.0,1962,93,4.0,0.0,0,0,0,53320.0,86715
2020-11-05,Texas,Angelina,48005.0,1964,93,2.0,0.0,0,0,0,53320.0,86715
2020-11-06,Texas,Angelina,48005.0,1966,93,2.0,0.0,0,0,0,53320.0,86715
2020-11-07,Texas,Angelina,48005.0,1966,93,0.0,0.0,0,0,0,53320.0,86715
2020-11-08,Texas,Angelina,48005.0,1971,93,5.0,0.0,0,0,0,53320.0,86715
2020-11-09,Texas,Angelina,48005.0,1995,93,24.0,0.0,0,0,0,53320.0,86715
2020-11-10,Texas,Angelina,48005.0,1995,93,0.0,0.0,0,0,0,53320.0,86715
2020-11-11,Texas,Angelina,48005.0,2003,93,8.0,0.0,0,0,0,53320.0,86715
2020-11-12,Texas,Angelina,48005.0,2004,94,1.0,1.0,4,4,0,53320.0,86715
2020-11-13,Texas,Angelina,48005.0,2010,94,6.0,0.0,0,0,0,53320.0,86715
2020-11-14,Texas,Angelina,48005.0,2010,94,0.0,0.0,0,0,0,53320.0,86715
2020-11-15,Texas,Angelina,48005.0,2029,95,19.0,1.0,2,2,0,53320.0,86715
2020-11-16,Texas,Angelina,48005.0,2030,95,1.0,0.0,0,0,0,53320.0,86715
2020-11-17,Texas,Angelina,48005.0,2049,95,19.0,0.0,0,0,0,53320.0,86715
2020-11-18,Texas,Angelina,48005.0,2063,97,14.0,2.0,3,3,0,53320.0,86715
2020-11-19,Texas,Angelina,48005.0,2073,97,10.0,0.0,0,0,0,53320.0,86715
2020-11-20,Texas,Angelina,48005.0,2105,97,32.0,0.0,0,0,0,53320.0,86715
2020-11-21,Texas,Angelina,48005.0,2142,97,37.0,0.0,0,0,0,53320.0,86715
2020-11-22,Texas,Angelina,48005.0,2148,97,6.0,0.0,0,0,0,53320.0,86715
2020-11-23,Texas,Angelina,48005.0,2200,97,52.0,0.0,0,0,0,53320.0,86715
2020-11-24,Texas,Angelina,48005.0,2221,97,21.0,0.0,0,0,0,53320.0,86715
2020-11-25,Texas,Angelina,48005.0,2227,98,6.0,1.0,3,3,0,53320.0,86715
2020-11-26,Texas,Angelina,48005.0,2242,99,15.0,1.0,3,3,0,53320.0,86715
2020-11-27,Texas,Angelina,48005.0,2347,99,105.0,0.0,0,0,0,53320.0,86715
2020-11-28,Texas,Angelina,48005.0,2377,99,30.0,0.0,0,0,0,53320.0,86715
2020-11-29,Texas,Angelina,48005.0,2429,99,52.0,0.0,0,0,0,53320.0,86715
2020-11-30,Texas,Angelina,48005.0,2435,99,6.0,0.0,0,0,0,53320.0,86715
2020-12-01,Texas,Angelina,48005.0,2449,99,14.0,0.0,0,0,0,53320.0,86715
2020-12-02,Texas,Angelina,48005.0,2482,103,33.0,4.0,6,6,0,53320.0,86715
2020-12-03,Texas,Angelina,48005.0,2530,103,48.0,0.0,0,0,0,53320.0,86715
2020-12-04,Texas,Angelina,48005.0,2580,104,50.0,1.0,2,2,0,53320.0,86715
2020-12-05,Texas,Angelina,48005.0,2747,107,167.0,3.0,3,3,0,53320.0,86715
2020-12-06,Texas,Angelina,48005.0,2805,107,58.0,0.0,0,0,0,53320.0,86715
2020-12-07,Texas,Angelina,48005.0,2857,107,52.0,0.0,0,0,0,53320.0,86715
2020-12-08,Texas,Angelina,48005.0,2870,107,13.0,0.0,0,0,0,53320.0,86715
2020-12-09,Texas,Angelina,48005.0,2928,107,58.0,0.0,0,0,0,53320.0,86715
2020-12-10,Texas,Angelina,48005.0,3033,108,105.0,1.0,1,1,0,53320.0,86715
2020-12-11,Texas,Angelina,48005.0,3131,110,98.0,2.0,2,2,0,53320.0,86715
2020-12-12,Texas,Angelina,48005.0,3181,112,50.0,2.0,1,1,0,53320.0,86715
2020-12-13,Texas,Angelina,48005.0,3197,112,16.0,0.0,0,0,0,53320.0,86715
2020-12-14,Texas,Angelina,48005.0,3290,112,93.0,0.0,0,0,0,53320.0,86715
2020-12-15,Texas,Angelina,48005.0,3315,116,25.0,4.0,1,1,0,53320.0,86715
2020-12-16,Texas,Angelina,48005.0,3359,121,44.0,5.0,2,2,0,53320.0,86715
2020-12-17,Texas,Angelina,48005.0,3452,123,93.0,2.0,1,1,0,53320.0,86715
2020-12-18,Texas,Angelina,48005.0,3491,125,39.0,2.0,1,1,0,53320.0,86715
2020-12-19,Texas,Angelina,48005.0,3557,125,66.0,0.0,0,0,0,53320.0,86715
2020-12-20,Texas,Angelina,48005.0,3616,126,59.0,1.0,1,1,0,53320.0,86715
2020-12-21,Texas,Angelina,48005.0,3669,128,53.0,2.0,1,1,0,53320.0,86715
2020-12-22,Texas,Angelina,48005.0,3696,130,27.0,2.0,1,1,0,53320.0,86715
2020-12-23,Texas,Angelina,48005.0,3733,135,37.0,5.0,3,3,0,53320.0,86715
2020-12-24,Texas,Angelina,48005.0,3772,135,39.0,0.0,0,0,0,53320.0,86715
2020-12-25,Texas,Angelina,48005.0,3942,136,170.0,1.0,1,1,0,53320.0,86715
2020-12-26,Texas,Angelina,48005.0,4000,136,58.0,0.0,0,0,0,53320.0,86715
2020-12-27,Texas,Angelina,48005.0,4000,136,0.0,0.0,0,0,0,53320.0,86715
2020-12-28,Texas,Angelina,48005.0,4017,136,17.0,0.0,0,0,0,53320.0,86715
2020-12-29,Texas,Angelina,48005.0,4072,138,55.0,2.0,1,1,0,53320.0,86715
2020-12-30,Texas,Angelina,48005.0,4112,140,40.0,2.0,1,1,0,53320.0,86715
2020-12-31,Texas,Angelina,48005.0,4374,144,262.0,4.0,2,2,0,53320.0,86715
2021-01-01,Texas,Angelina,48005.0,4581,149,207.0,5.0,3,3,0,53320.0,86715
2021-01-02,Texas,Angelina,48005.0,4581,149,0.0,0.0,0,0,0,53320.0,86715
2021-01-03,Texas,Angelina,48005.0,4581,149,0.0,0.0,0,0,0,53320.0,86715
2021-01-04,Texas,Angelina,48005.0,4581,149,0.0,0.0,0,0,0,53320.0,86715
2021-01-05,Texas,Angelina,48005.0,4721,153,140.0,4.0,3,3,0,53320.0,86715
2021-01-06,Texas,Angelina,48005.0,4721,155,0.0,2.0,2,2,0,53320.0,86715
2021-01-07,Texas,Angelina,48005.0,4721,157,0.0,2.0,2,2,0,53320.0,86715
2021-01-08,Texas,Angelina,48005.0,4998,160,277.0,3.0,2,2,0,53320.0,86715
2021-01-09,Texas,Angelina,48005.0,5122,160,124.0,0.0,0,0,0,53320.0,86715
2021-01-10,Texas,Angelina,48005.0,5122,161,0.0,1.0,0,0,0,53320.0,86715
2021-01-11,Texas,Angelina,48005.0,5122,164,0.0,3.0,1,1,0,53320.0,86715
2021-01-12,Texas,Angelina,48005.0,5122,171,0.0,7.0,2,2,0,53320.0,86715
2021-01-13,Texas,Angelina,48005.0,5122,180,0.0,9.0,3,3,0,53320.0,86715
2021-01-14,Texas,Angelina,48005.0,5437,185,315.0,5.0,2,2,0,53320.0,86715
2021-01-15,Texas,Angelina,48005.0,5437,189,0.0,4.0,1,1,0,53320.0,86715
2021-01-16,Texas,Angelina,48005.0,5437,190,0.0,1.0,0,0,0,53320.0,86715
2021-01-17,Texas,Angelina,48005.0,5437,191,0.0,1.0,0,0,0,53320.0,86715
2021-01-18,Texas,Angelina,48005.0,5437,191,0.0,0.0,0,0,0,53320.0,86715
2021-01-19,Texas,Angelina,48005.0,5650,193,213.0,2.0,1,1,0,53320.0,86715
2021-01-20,Texas,Angelina,48005.0,5650,196,0.0,3.0,1,1,0,53320.0,86715
2021-01-21,Texas,Angelina,48005.0,5650,200,0.0,4.0,1,1,0,53320.0,86715
2021-01-22,Texas,Angelina,48005.0,5742,201,92.0,1.0,0,0,0,53320.0,86715
2021-01-23,Texas,Angelina,48005.0,5742,203,0.0,2.0,1,1,0,53320.0,86715
2021-01-24,Texas,Angelina,48005.0,5742,205,0.0,2.0,1,1,0,53320.0,86715
2021-01-25,Texas,Angelina,48005.0,5742,206,0.0,1.0,1,1,0,53320.0,86715
2021-01-26,Texas,Angelina,48005.0,5742,208,0.0,2.0,1,1,0,53320.0,86715
2021-01-27,Texas,Angelina,48005.0,5742,212,0.0,4.0,3,3,0,53320.0,86715
2021-01-28,Texas,Angelina,48005.0,6006,213,264.0,1.0,1,1,0,53320.0,86715
2021-01-29,Texas,Angelina,48005.0,6006,215,0.0,2.0,1,1,0,53320.0,86715
2021-01-30,Texas,Angelina,48005.0,6006,217,0.0,2.0,0,0,0,53320.0,86715
2021-01-31,Texas,Angelina,48005.0,6006,217,0.0,0.0,0,0,0,53320.0,86715
2021-02-01,Texas,Angelina,48005.0,6006,219,0.0,2.0,0,0,0,53320.0,86715
2021-02-02,Texas,Angelina,48005.0,6237,224,231.0,5.0,1,1,0,53320.0,86715
2021-02-03,Texas,Angelina,48005.0,6237,225,0.0,1.0,0,0,0,53320.0,86715
2021-02-04,Texas,Angelina,48005.0,6237,226,0.0,1.0,0,0,0,53320.0,86715
2021-02-05,Texas,Angelina,48005.0,6411,229,174.0,3.0,1,1,0,53320.0,86715
2021-02-06,Texas,Angelina,48005.0,6411,230,0.0,1.0,0,0,0,53320.0,86715
2021-02-07,Texas,Angelina,48005.0,6411,230,0.0,0.0,0,0,0,53320.0,86715
2021-02-08,Texas,Angelina,48005.0,6411,232,0.0,2.0,1,1,0,53320.0,86715
2021-02-09,Texas,Angelina,48005.0,6411,232,0.0,0.0,0,0,0,53320.0,86715
2021-02-10,Texas,Angelina,48005.0,6541,234,130.0,2.0,1,1,0,53320.0,86715
2021-02-11,Texas,Angelina,48005.0,6541,240,0.0,6.0,2,2,0,53320.0,86715
2021-02-12,Texas,Angelina,48005.0,6541,240,0.0,0.0,0,0,0,53320.0,86715
2021-02-13,Texas,Angelina,48005.0,6541,241,0.0,1.0,3,3,0,53320.0,86715
2021-02-14,Texas,Angelina,48005.0,6541,241,0.0,0.0,0,0,0,53320.0,86715
2021-02-15,Texas,Angelina,48005.0,6541,241,0.0,0.0,0,0,0,53320.0,86715
2021-02-16,Texas,Angelina,48005.0,6541,241,0.0,0.0,0,0,0,53320.0,86715
2021-02-17,Texas,Angelina,48005.0,6541,241,0.0,0.0,0,0,0,53320.0,86715
2021-02-18,Texas,Angelina,48005.0,6541,241,0.0,0.0,0,0,0,53320.0,86715
2021-02-19,Texas,Angelina,48005.0,6541,243,0.0,2.0,5,5,0,53320.0,86715
2021-02-20,Texas,Angelina,48005.0,6541,245,0.0,2.0,0,0,0,53320.0,86715
2021-02-21,Texas,Angelina,48005.0,6541,245,0.0,0.0,0,0,0,53320.0,86715
2021-02-22,Texas,Angelina,48005.0,6541,246,0.0,1.0,0,0,0,53320.0,86715
2021-02-23,Texas,Angelina,48005.0,6682,247,141.0,1.0,0,0,0,53320.0,86715
2021-02-24,Texas,Angelina,48005.0,6682,250,0.0,3.0,0,0,0,53320.0,86715
2021-02-25,Texas,Angelina,48005.0,6682,251,0.0,1.0,0,0,0,53320.0,86715
2021-02-26,Texas,Angelina,48005.0,6682,252,0.0,1.0,0,0,0,53320.0,86715
2021-02-27,Texas,Angelina,48005.0,6798,253,116.0,1.0,0,0,0,53320.0,86715
2021-02-28,Texas,Angelina,48005.0,6798,254,0.0,1.0,0,0,0,53320.0,86715
2021-03-01,Texas,Angelina,48005.0,6798,254,0.0,0.0,0,0,0,53320.0,86715
2021-03-02,Texas,Angelina,48005.0,6869,257,71.0,3.0,1,1,0,53320.0,86715
2021-03-03,Texas,Angelina,48005.0,6869,260,0.0,3.0,1,1,0,53320.0,86715
2021-03-04,Texas,Angelina,48005.0,6869,263,0.0,3.0,1,1,0,53320.0,86715
2021-03-05,Texas,Angelina,48005.0,6869,263,0.0,0.0,0,0,0,53320.0,86715
2021-03-06,Texas,Angelina,48005.0,6869,263,0.0,0.0,0,0,0,53320.0,86715
2021-03-07,Texas,Angelina,48005.0,6869,263,0.0,0.0,0,0,0,53320.0,86715
2021-03-08,Texas,Angelina,48005.0,6869,264,0.0,1.0,1,1,0,53320.0,86715
2021-03-09,Texas,Angelina,48005.0,6869,264,0.0,0.0,0,0,0,53320.0,86715
2021-03-10,Texas,Angelina,48005.0,6921,265,52.0,1.0,1,1,0,53320.0,86715
2021-03-11,Texas,Angelina,48005.0,6921,265,0.0,0.0,0,0,0,53320.0,86715
2021-03-12,Texas,Angelina,48005.0,6921,265,0.0,0.0,0,0,0,53320.0,86715
2021-03-13,Texas,Angelina,48005.0,6921,265,0.0,0.0,0,0,0,53320.0,86715
2021-03-14,Texas,Angelina,48005.0,6921,265,0.0,0.0,0,0,0,53320.0,86715
2021-03-15,Texas,Angelina,48005.0,6921,265,0.0,0.0,0,0,0,53320.0,86715
2021-03-16,Texas,Angelina,48005.0,6921,266,0.0,1.0,1,1,0,53320.0,86715
2021-03-17,Texas,Angelina,48005.0,6936,267,15.0,1.0,1,1,0,53320.0,86715
2021-03-18,Texas,Angelina,48005.0,6936,267,0.0,0.0,0,0,0,53320.0,86715
2021-03-19,Texas,Angelina,48005.0,6936,267,0.0,0.0,0,0,0,53320.0,86715
2021-03-20,Texas,Angelina,48005.0,6936,268,0.0,1.0,2,2,0,53320.0,86715
2021-03-21,Texas,Angelina,48005.0,6936,268,0.0,0.0,0,0,0,53320.0,86715
2021-03-22,Texas,Angelina,48005.0,6936,268,0.0,0.0,0,0,0,53320.0,86715
2021-03-23,Texas,Angelina,48005.0,7049,268,113.0,0.0,0,0,0,53320.0,86715
2021-03-24,Texas,Angelina,48005.0,7049,268,0.0,0.0,0,0,0,53320.0,86715
2021-03-25,Texas,Angelina,48005.0,7049,268,0.0,0.0,0,0,0,53320.0,86715
2021-03-26,Texas,Angelina,48005.0,7049,268,0.0,0.0,0,0,0,53320.0,86715
2021-03-27,Texas,Angelina,48005.0,7049,268,0.0,0.0,0,0,0,53320.0,86715
2021-03-28,Texas,Angelina,48005.0,7049,268,0.0,0.0,0,0,0,53320.0,86715
2021-03-29,Texas,Angelina,48005.0,7071,268,22.0,0.0,0,0,0,53320.0,86715
2021-03-30,Texas,Angelina,48005.0,7071,268,0.0,0.0,0,0,0,53320.0,86715
2021-03-31,Texas,Angelina,48005.0,7098,268,27.0,0.0,0,0,0,53320.0,86715
2021-04-01,Texas,Angelina,48005.0,7098,272,0.0,4.0,3,3,0,53320.0,86715
2021-04-02,Texas,Angelina,48005.0,7098,272,0.0,0.0,0,0,0,53320.0,86715
2021-04-03,Texas,Angelina,48005.0,7098,272,0.0,0.0,0,0,0,53320.0,86715
2021-04-04,Texas,Angelina,48005.0,7098,272,0.0,0.0,0,0,0,53320.0,86715
2021-04-05,Texas,Angelina,48005.0,7098,273,0.0,1.0,2,2,0,53320.0,86715
2021-04-06,Texas,Angelina,48005.0,7127,274,29.0,1.0,2,2,0,53320.0,86715
2021-04-07,Texas,Angelina,48005.0,7127,274,0.0,0.0,0,0,0,53320.0,86715
2021-04-08,Texas,Angelina,48005.0,7127,274,0.0,0.0,0,0,0,53320.0,86715
2021-04-09,Texas,Angelina,48005.0,7181,274,54.0,0.0,0,0,0,53320.0,86715
2021-04-10,Texas,Angelina,48005.0,7181,274,0.0,0.0,0,0,0,53320.0,86715
2021-04-11,Texas,Angelina,48005.0,7181,274,0.0,0.0,0,0,0,53320.0,86715
2021-04-12,Texas,Angelina,48005.0,7181,274,0.0,0.0,0,0,0,53320.0,86715
2021-04-13,Texas,Angelina,48005.0,7181,274,0.0,0.0,0,0,0,53320.0,86715
2021-04-14,Texas,Angelina,48005.0,7219,274,38.0,0.0,0,0,0,53320.0,86715
2021-04-15,Texas,Angelina,48005.0,7219,274,0.0,0.0,0,0,0,53320.0,86715
2021-04-16,Texas,Angelina,48005.0,7280,274,61.0,0.0,0,0,0,53320.0,86715
2021-04-17,Texas,Angelina,48005.0,7280,274,0.0,0.0,0,0,0,53320.0,86715
2021-04-18,Texas,Angelina,48005.0,7280,274,0.0,0.0,0,0,0,53320.0,86715
2021-04-19,Texas,Angelina,48005.0,7280,274,0.0,0.0,0,0,0,53320.0,86715
2021-04-20,Texas,Angelina,48005.0,7306,275,26.0,1.0,1,1,0,53320.0,86715
2021-04-21,Texas,Angelina,48005.0,7306,275,0.0,0.0,0,0,0,53320.0,86715
2021-04-22,Texas,Angelina,48005.0,7306,276,0.0,1.0,1,1,0,53320.0,86715
2021-04-23,Texas,Angelina,48005.0,7379,276,73.0,0.0,0,0,0,53320.0,86715
2021-04-24,Texas,Angelina,48005.0,7379,276,0.0,0.0,0,0,0,53320.0,86715
2021-04-25,Texas,Angelina,48005.0,7379,277,0.0,1.0,1,1,0,53320.0,86715
2021-04-26,Texas,Angelina,48005.0,7379,277,0.0,0.0,0,0,0,53320.0,86715
2021-04-27,Texas,Angelina,48005.0,7379,277,0.0,0.0,0,0,0,53320.0,86715
2021-04-28,Texas,Angelina,48005.0,7379,279,0.0,2.0,2,2,0,53320.0,86715
2021-04-29,Texas,Angelina,48005.0,7379,279,0.0,0.0,0,0,0,53320.0,86715
2021-04-30,Texas,Angelina,48005.0,7379,279,0.0,0.0,0,0,0,53320.0,86715
2021-05-01,Texas,Angelina,48005.0,7379,279,0.0,0.0,0,0,0,53320.0,86715
2021-05-02,Texas,Angelina,48005.0,7430,279,51.0,0.0,0,0,0,53320.0,86715
2021-05-03,Texas,Angelina,48005.0,7430,279,0.0,0.0,0,0,0,53320.0,86715
2021-05-04,Texas,Angelina,48005.0,7430,279,0.0,0.0,0,0,0,53320.0,86715
2021-05-05,Texas,Angelina,48005.0,7430,279,0.0,0.0,0,0,0,53320.0,86715
2021-05-06,Texas,Angelina,48005.0,7430,279,0.0,0.0,0,0,0,53320.0,86715
2021-05-07,Texas,Angelina,48005.0,7430,279,0.0,0.0,0,0,0,53320.0,86715
2021-05-08,Texas,Angelina,48005.0,7430,279,0.0,0.0,0,0,0,53320.0,86715
2021-05-09,Texas,Angelina,48005.0,7430,279,0.0,0.0,0,0,0,53320.0,86715
2021-05-10,Texas,Angelina,48005.0,7430,279,0.0,0.0,0,0,0,53320.0,86715
2021-05-11,Texas,Angelina,48005.0,7430,280,0.0,1.0,0,0,0,53320.0,86715
2021-05-12,Texas,Angelina,48005.0,7430,280,0.0,0.0,0,0,0,53320.0,86715
2021-05-13,Texas,Angelina,48005.0,7482,280,52.0,0.0,0,0,0,53320.0,86715
2021-05-14,Texas,Angelina,48005.0,7482,280,0.0,0.0,0,0,0,53320.0,86715
2021-05-15,Texas,Angelina,48005.0,7482,280,0.0,0.0,0,0,0,53320.0,86715
2021-05-16,Texas,Angelina,48005.0,7482,280,0.0,0.0,0,0,0,53320.0,86715
2021-05-17,Texas,Angelina,48005.0,7482,280,0.0,0.0,0,0,0,53320.0,86715
2021-05-18,Texas,Angelina,48005.0,7482,280,0.0,0.0,0,0,0,53320.0,86715
2021-05-19,Texas,Angelina,48005.0,7482,280,0.0,0.0,0,0,0,53320.0,86715
2021-05-20,Texas,Angelina,48005.0,7482,280,0.0,0.0,0,0,0,53320.0,86715
2021-05-21,Texas,Angelina,48005.0,7498,280,16.0,0.0,0,0,0,53320.0,86715
2021-05-22,Texas,Angelina,48005.0,7498,281,0.0,1.0,0,0,0,53320.0,86715
2021-05-23,Texas,Angelina,48005.0,7498,281,0.0,0.0,0,0,0,53320.0,86715
2021-05-24,Texas,Angelina,48005.0,7498,281,0.0,0.0,0,0,0,53320.0,86715
2021-05-25,Texas,Angelina,48005.0,7498,282,0.0,1.0,0,0,0,53320.0,86715
2021-05-26,Texas,Angelina,48005.0,7498,283,0.0,1.0,0,0,0,53320.0,86715
2021-05-27,Texas,Angelina,48005.0,7498,283,0.0,0.0,0,0,0,53320.0,86715
2021-05-28,Texas,Angelina,48005.0,7498,283,0.0,0.0,0,0,0,53320.0,86715
2021-05-29,Texas,Angelina,48005.0,7498,283,0.0,0.0,0,0,0,53320.0,86715
2021-05-30,Texas,Angelina,48005.0,7498,283,0.0,0.0,0,0,0,53320.0,86715
2021-05-31,Texas,Angelina,48005.0,7498,283,0.0,0.0,0,0,0,53320.0,86715
2021-06-01,Texas,Angelina,48005.0,7498,283,0.0,0.0,0,0,0,53320.0,86715
2021-06-02,Texas,Angelina,48005.0,7554,284,56.0,1.0,1,1,0,53320.0,86715
2021-06-03,Texas,Angelina,48005.0,7554,284,0.0,0.0,0,0,0,53320.0,86715
2021-06-04,Texas,Angelina,48005.0,7554,284,0.0,0.0,0,0,0,53320.0,86715
2021-06-05,Texas,Angelina,48005.0,7554,284,0.0,0.0,0,0,0,53320.0,86715
2021-06-06,Texas,Angelina,48005.0,7554,284,0.0,0.0,0,0,0,53320.0,86715
2021-06-07,Texas,Angelina,48005.0,7554,284,0.0,0.0,0,0,0,53320.0,86715
2021-06-08,Texas,Angelina,48005.0,7560,284,6.0,0.0,0,0,0,53320.0,86715
2021-06-09,Texas,Angelina,48005.0,7560,284,0.0,0.0,0,0,0,53320.0,86715
2021-06-10,Texas,Angelina,48005.0,7560,284,0.0,0.0,0,0,0,53320.0,86715
2021-06-11,Texas,Angelina,48005.0,7560,285,0.0,1.0,0,0,0,53320.0,86715
2021-06-12,Texas,Angelina,48005.0,7565,286,5.0,1.0,1,1,0,53320.0,86715
2021-06-13,Texas,Angelina,48005.0,7565,286,0.0,0.0,0,0,0,53320.0,86715
2021-06-14,Texas,Angelina,48005.0,7565,286,0.0,0.0,0,0,0,53320.0,86715
2021-06-15,Texas,Angelina,48005.0,7565,286,0.0,0.0,0,0,0,53320.0,86715
2021-06-16,Texas,Angelina,48005.0,7565,286,0.0,0.0,0,0,0,53320.0,86715
2021-06-17,Texas,Angelina,48005.0,7565,286,0.0,0.0,0,0,0,53320.0,86715
2021-06-18,Texas,Angelina,48005.0,7582,286,17.0,0.0,0,0,0,53320.0,86715
2021-06-19,Texas,Angelina,48005.0,7582,286,0.0,0.0,0,0,0,53320.0,86715
2021-06-20,Texas,Angelina,48005.0,7582,286,0.0,0.0,0,0,0,53320.0,86715
2021-06-21,Texas,Angelina,48005.0,7582,286,0.0,0.0,0,0,0,53320.0,86715
2021-06-22,Texas,Angelina,48005.0,7582,286,0.0,0.0,0,0,0,53320.0,86715
2021-06-23,Texas,Angelina,48005.0,7590,286,8.0,0.0,0,0,0,53320.0,86715
2021-06-24,Texas,Angelina,48005.0,7590,287,0.0,1.0,1,1,0,53320.0,86715
2021-06-25,Texas,Angelina,48005.0,7590,287,0.0,0.0,0,0,0,53320.0,86715
2021-06-26,Texas,Angelina,48005.0,7590,287,0.0,0.0,0,0,0,53320.0,86715
2021-06-27,Texas,Angelina,48005.0,7590,287,0.0,0.0,0,0,0,53320.0,86715
2021-06-28,Texas,Angelina,48005.0,7590,287,0.0,0.0,0,0,0,53320.0,86715
2021-06-29,Texas,Angelina,48005.0,7590,287,0.0,0.0,0,0,0,53320.0,86715
2021-06-30,Texas,Angelina,48005.0,7590,287,0.0,0.0,0,0,0,53320.0,86715
2021-07-01,Texas,Angelina,48005.0,7590,287,0.0,0.0,0,0,0,53320.0,86715
2021-07-02,Texas,Angelina,48005.0,7590,287,0.0,0.0,0,0,0,53320.0,86715
2021-07-03,Texas,Angelina,48005.0,7590,287,0.0,0.0,0,0,0,53320.0,86715
2021-07-04,Texas,Angelina,48005.0,7590,287,0.0,0.0,0,0,0,53320.0,86715
2021-07-05,Texas,Angelina,48005.0,7590,287,0.0,0.0,0,0,0,53320.0,86715
2021-07-06,Texas,Angelina,48005.0,7590,287,0.0,0.0,0,0,0,53320.0,86715
2021-07-07,Texas,Angelina,48005.0,7590,288,0.0,1.0,1,1,0,53320.0,86715
2021-07-08,Texas,Angelina,48005.0,7645,288,55.0,0.0,0,0,0,53320.0,86715
2021-07-09,Texas,Angelina,48005.0,7645,288,0.0,0.0,0,0,0,53320.0,86715
2021-07-10,Texas,Angelina,48005.0,7645,288,0.0,0.0,0,0,0,53320.0,86715
2021-07-11,Texas,Angelina,48005.0,7645,288,0.0,0.0,0,0,0,53320.0,86715
2021-07-12,Texas,Angelina,48005.0,7656,288,11.0,0.0,0,0,0,53320.0,86715
2021-07-13,Texas,Angelina,48005.0,7656,288,0.0,0.0,0,0,0,53320.0,86715
2021-07-14,Texas,Angelina,48005.0,7656,288,0.0,0.0,0,0,0,53320.0,86715
2021-07-15,Texas,Angelina,48005.0,7656,288,0.0,0.0,0,0,0,53320.0,86715
2021-07-16,Texas,Angelina,48005.0,7675,288,19.0,0.0,0,0,0,53320.0,86715
2021-07-17,Texas,Angelina,48005.0,7675,288,0.0,0.0,0,0,0,53320.0,86715
2021-07-18,Texas,Angelina,48005.0,7675,288,0.0,0.0,0,0,0,53320.0,86715
2021-07-19,Texas,Angelina,48005.0,7690,288,15.0,0.0,0,0,0,53320.0,86715
2021-07-20,Texas,Angelina,48005.0,7719,288,29.0,0.0,0,0,0,53320.0,86715
2021-07-21,Texas,Angelina,48005.0,7719,288,0.0,0.0,0,0,0,53320.0,86715
2021-07-22,Texas,Angelina,48005.0,7719,288,0.0,0.0,0,0,0,53320.0,86715
2021-07-23,Texas,Angelina,48005.0,7785,288,66.0,0.0,0,0,0,53320.0,86715
2021-07-24,Texas,Angelina,48005.0,7785,288,0.0,0.0,0,0,0,53320.0,86715
2021-07-25,Texas,Angelina,48005.0,7785,288,0.0,0.0,0,0,0,53320.0,86715
2021-07-26,Texas,Angelina,48005.0,7828,288,43.0,0.0,0,0,0,53320.0,86715
2021-07-27,Texas,Angelina,48005.0,7828,288,0.0,0.0,0,0,0,53320.0,86715
2021-07-28,Texas,Angelina,48005.0,7875,288,47.0,0.0,0,0,0,53320.0,86715
2021-07-29,Texas,Angelina,48005.0,7919,289,44.0,1.0,3,3,0,53320.0,86715
2021-07-30,Texas,Angelina,48005.0,7960,289,41.0,0.0,0,0,0,53320.0,86715
2021-07-31,Texas,Angelina,48005.0,7960,289,0.0,0.0,0,0,0,53320.0,86715
2021-08-01,Texas,Angelina,48005.0,7960,289,0.0,0.0,0,0,0,53320.0,86715
2021-08-02,Texas,Angelina,48005.0,8047,289,87.0,0.0,0,0,0,53320.0,86715
2021-08-03,Texas,Angelina,48005.0,8047,289,0.0,0.0,0,0,0,53320.0,86715
2021-08-04,Texas,Angelina,48005.0,8135,289,88.0,0.0,0,0,0,53320.0,86715
2021-08-05,Texas,Angelina,48005.0,8304,289,169.0,0.0,0,0,0,53320.0,86715
2021-08-06,Texas,Angelina,48005.0,8304,291,0.0,2.0,7,7,0,53320.0,86715
2021-08-07,Texas,Angelina,48005.0,8304,291,0.0,0.0,0,0,0,53320.0,86715
2021-08-08,Texas,Angelina,48005.0,8304,291,0.0,0.0,0,0,0,53320.0,86715
2021-08-09,Texas,Angelina,48005.0,8415,291,111.0,0.0,0,0,0,53320.0,86715
2021-08-10,Texas,Angelina,48005.0,8415,291,0.0,0.0,0,0,0,53320.0,86715
2021-08-11,Texas,Angelina,48005.0,8415,292,0.0,1.0,5,5,0,53320.0,86715
2021-08-12,Texas,Angelina,48005.0,8415,292,0.0,0.0,0,0,0,53320.0,86715
2021-08-13,Texas,Angelina,48005.0,8724,292,309.0,0.0,0,0,0,53320.0,86715
2021-08-14,Texas,Angelina,48005.0,8724,294,0.0,2.0,7,7,0,53320.0,86715
2021-08-15,Texas,Angelina,48005.0,8873,294,149.0,0.0,0,0,0,53320.0,86715
2021-08-16,Texas,Angelina,48005.0,8873,294,0.0,0.0,0,0,0,53320.0,86715
2021-08-17,Texas,Angelina,48005.0,8873,294,0.0,0.0,0,0,0,53320.0,86715
2021-08-18,Texas,Angelina,48005.0,9016,294,143.0,0.0,0,0,0,53320.0,86715
2021-08-19,Texas,Angelina,48005.0,9090,294,74.0,0.0,0,0,0,53320.0,86715
2021-08-20,Texas,Angelina,48005.0,9202,294,112.0,0.0,0,0,0,53320.0,86715
2021-08-21,Texas,Angelina,48005.0,9202,297,0.0,3.0,2,2,0,53320.0,86715
2021-08-22,Texas,Angelina,48005.0,9202,297,0.0,0.0,0,0,0,53320.0,86715
2021-08-23,Texas,Angelina,48005.0,9476,297,274.0,0.0,0,0,0,53320.0,86715
2021-08-24,Texas,Angelina,48005.0,9476,300,0.0,3.0,2,2,0,53320.0,86715
2021-08-25,Texas,Angelina,48005.0,9727,301,251.0,1.0,1,1,0,53320.0,86715
2021-08-26,Texas,Angelina,48005.0,9727,302,0.0,1.0,1,1,0,53320.0,86715
2021-08-27,Texas,Angelina,48005.0,9727,303,0.0,1.0,1,1,0,53320.0,86715
2021-08-28,Texas,Angelina,48005.0,10040,304,313.0,1.0,1,1,0,53320.0,86715
2021-08-29,Texas,Angelina,48005.0,10040,304,0.0,0.0,0,0,0,53320.0,86715
2021-08-30,Texas,Angelina,48005.0,10040,304,0.0,0.0,0,0,0,53320.0,86715
2021-08-31,Texas,Angelina,48005.0,10040,307,0.0,3.0,2,2,0,53320.0,86715
2021-09-01,Texas,Angelina,48005.0,10212,310,172.0,3.0,2,2,0,53320.0,86715
2021-09-02,Texas,Angelina,48005.0,10212,311,0.0,1.0,1,1,0,53320.0,86715
2021-09-03,Texas,Angelina,48005.0,10506,314,294.0,3.0,2,2,0,53320.0,86715
2021-09-04,Texas,Angelina,48005.0,10506,315,0.0,1.0,0,0,0,53320.0,86715
2021-09-05,Texas,Angelina,48005.0,10506,318,0.0,3.0,1,1,0,53320.0,86715
2021-09-06,Texas,Angelina,48005.0,10506,320,0.0,2.0,1,1,0,53320.0,86715
2021-09-07,Texas,Angelina,48005.0,10506,320,0.0,0.0,0,0,0,53320.0,86715
2021-09-08,Texas,Angelina,48005.0,10506,321,0.0,1.0,0,0,0,53320.0,86715
2021-09-09,Texas,Angelina,48005.0,10941,323,435.0,2.0,1,1,0,53320.0,86715
2021-09-10,Texas,Angelina,48005.0,10941,324,0.0,1.0,0,0,0,53320.0,86715
2021-09-11,Texas,Angelina,48005.0,10941,326,0.0,2.0,1,1,0,53320.0,86715
2021-09-12,Texas,Angelina,48005.0,10941,326,0.0,0.0,0,0,0,53320.0,86715
2021-09-13,Texas,Angelina,48005.0,10941,326,0.0,0.0,0,0,0,53320.0,86715
2021-09-14,Texas,Angelina,48005.0,10941,328,0.0,2.0,1,1,0,53320.0,86715
2021-09-15,Texas,Angelina,48005.0,10941,328,0.0,0.0,0,0,0,53320.0,86715
2021-09-16,Texas,Angelina,48005.0,11505,334,564.0,6.0,3,3,0,53320.0,86715
2021-09-17,Texas,Angelina,48005.0,11505,336,0.0,2.0,1,1,0,53320.0,86715
2021-09-18,Texas,Angelina,48005.0,11606,338,101.0,2.0,1,1,0,53320.0,86715
2021-09-19,Texas,Angelina,48005.0,11606,341,0.0,3.0,1,1,0,53320.0,86715
2021-09-20,Texas,Angelina,48005.0,11606,341,0.0,0.0,0,0,0,53320.0,86715
2021-09-21,Texas,Angelina,48005.0,11760,341,154.0,0.0,0,0,0,53320.0,86715
2021-09-22,Texas,Angelina,48005.0,11760,343,0.0,2.0,1,1,0,53320.0,86715
2021-09-23,Texas,Angelina,48005.0,11760,350,0.0,7.0,3,3,0,53320.0,86715
2021-09-24,Texas,Angelina,48005.0,11916,354,156.0,4.0,2,2,0,53320.0,86715
2021-09-25,Texas,Angelina,48005.0,11916,354,0.0,0.0,0,0,0,53320.0,86715
2021-09-26,Texas,Angelina,48005.0,11916,355,0.0,1.0,0,0,0,53320.0,86715
2021-09-27,Texas,Angelina,48005.0,11916,355,0.0,0.0,0,0,0,53320.0,86715
2021-09-28,Texas,Angelina,48005.0,12087,356,171.0,1.0,0,0,0,53320.0,86715
2021-09-29,Texas,Angelina,48005.0,12188,357,101.0,1.0,0,0,0,53320.0,86715
2021-09-30,Texas,Angelina,48005.0,12188,361,0.0,4.0,1,1,0,53320.0,86715
2021-10-01,Texas,Angelina,48005.0,12188,365,0.0,4.0,1,1,0,53320.0,86715
2021-10-02,Texas,Angelina,48005.0,12188,365,0.0,0.0,0,0,0,53320.0,86715
2021-10-03,Texas,Angelina,48005.0,12188,366,0.0,1.0,0,0,0,53320.0,86715
2021-10-04,Texas,Angelina,48005.0,12188,366,0.0,0.0,0,0,0,53320.0,86715
2021-10-05,Texas,Angelina,48005.0,12317,371,129.0,5.0,2,2,0,53320.0,86715
2021-10-06,Texas,Angelina,48005.0,12317,377,0.0,6.0,3,3,0,53320.0,86715
2021-10-07,Texas,Angelina,48005.0,12371,378,54.0,1.0,0,0,0,53320.0,86715
2021-10-08,Texas,Angelina,48005.0,12422,378,51.0,0.0,0,0,0,53320.0,86715
2021-10-09,Texas,Angelina,48005.0,12422,378,0.0,0.0,0,0,0,53320.0,86715
2021-10-10,Texas,Angelina,48005.0,12422,378,0.0,0.0,0,0,0,53320.0,86715
2021-10-11,Texas,Angelina,48005.0,12422,378,0.0,0.0,0,0,0,53320.0,86715
2021-10-12,Texas,Angelina,48005.0,12422,378,0.0,0.0,0,0,0,53320.0,86715
2021-10-13,Texas,Angelina,48005.0,12445,387,23.0,9.0,3,3,0,53320.0,86715
2021-10-14,Texas,Angelina,48005.0,12445,387,0.0,0.0,0,0,0,53320.0,86715
2021-10-15,Texas,Angelina,48005.0,12509,389,64.0,2.0,1,1,0,53320.0,86715
2021-10-16,Texas,Angelina,48005.0,12509,389,0.0,0.0,0,0,0,53320.0,86715
2021-10-17,Texas,Angelina,48005.0,12509,389,0.0,0.0,0,0,0,53320.0,86715
2021-10-18,Texas,Angelina,48005.0,12509,389,0.0,0.0,0,0,0,53320.0,86715
2021-10-19,Texas,Angelina,48005.0,12509,389,0.0,0.0,0,0,0,53320.0,86715
2021-10-20,Texas,Angelina,48005.0,12550,394,41.0,5.0,0,0,0,53320.0,86715
2021-10-21,Texas,Angelina,48005.0,12550,395,0.0,1.0,0,0,0,53320.0,86715
2021-10-22,Texas,Angelina,48005.0,12550,396,0.0,1.0,0,0,0,53320.0,86715
2021-10-23,Texas,Angelina,48005.0,12550,396,0.0,0.0,0,0,0,53320.0,86715
2021-10-24,Texas,Angelina,48005.0,12550,397,0.0,1.0,0,0,0,53320.0,86715
2021-10-25,Texas,Angelina,48005.0,12550,397,0.0,0.0,0,0,0,53320.0,86715
2021-10-26,Texas,Angelina,48005.0,12550,402,0.0,5.0,0,0,0,53320.0,86715
2021-10-27,Texas,Angelina,48005.0,12616,403,66.0,1.0,0,0,0,53320.0,86715
2021-10-28,Texas,Angelina,48005.0,12616,405,0.0,2.0,0,0,0,53320.0,86715
2021-10-29,Texas,Angelina,48005.0,12633,406,17.0,1.0,0,0,0,53320.0,86715
2021-10-30,Texas,Angelina,48005.0,12633,406,0.0,0.0,0,0,0,53320.0,86715
2021-10-31,Texas,Angelina,48005.0,12633,406,0.0,0.0,0,0,0,53320.0,86715
2021-11-01,Texas,Angelina,48005.0,12633,406,0.0,0.0,0,0,0,53320.0,86715
2021-11-02,Texas,Angelina,48005.0,12633,406,0.0,0.0,0,0,0,53320.0,86715
2021-11-03,Texas,Angelina,48005.0,12633,406,0.0,0.0,0,0,0,53320.0,86715
2021-11-04,Texas,Angelina,48005.0,12633,407,0.0,1.0,0,0,0,53320.0,86715
2021-11-05,Texas,Angelina,48005.0,12664,408,31.0,1.0,0,0,0,53320.0,86715
2021-11-06,Texas,Angelina,48005.0,12664,408,0.0,0.0,0,0,0,53320.0,86715
2021-11-07,Texas,Angelina,48005.0,12664,409,0.0,1.0,0,0,0,53320.0,86715
2021-11-08,Texas,Angelina,48005.0,12664,409,0.0,0.0,0,0,0,53320.0,86715
2021-11-09,Texas,Angelina,48005.0,12664,410,0.0,1.0,0,0,0,53320.0,86715
2021-11-10,Texas,Angelina,48005.0,12699,410,35.0,0.0,0,0,0,53320.0,86715
2021-11-11,Texas,Angelina,48005.0,12699,412,0.0,2.0,0,0,0,53320.0,86715
2021-11-12,Texas,Angelina,48005.0,12721,416,22.0,4.0,0,0,0,53320.0,86715
2021-11-13,Texas,Angelina,48005.0,12721,416,0.0,0.0,0,0,0,53320.0,86715
2021-11-14,Texas,Angelina,48005.0,12721,416,0.0,0.0,0,0,0,53320.0,86715
2021-11-15,Texas,Angelina,48005.0,12721,416,0.0,0.0,0,0,0,53320.0,86715
2021-11-16,Texas,Angelina,48005.0,12731,417,10.0,1.0,4,4,0,53320.0,86715
2021-11-17,Texas,Angelina,48005.0,12731,418,0.0,1.0,4,4,0,53320.0,86715
2021-11-18,Texas,Angelina,48005.0,12737,418,6.0,0.0,0,0,0,53320.0,86715
2021-11-19,Texas,Angelina,48005.0,12737,418,0.0,0.0,0,0,0,53320.0,86715
2021-11-20,Texas,Angelina,48005.0,12737,418,0.0,0.0,0,0,0,53320.0,86715
2021-11-21,Texas,Angelina,48005.0,12737,418,0.0,0.0,0,0,0,53320.0,86715
2021-11-22,Texas,Angelina,48005.0,12737,418,0.0,0.0,0,0,0,53320.0,86715
2021-11-23,Texas,Angelina,48005.0,12748,418,11.0,0.0,0,0,0,53320.0,86715
2021-11-24,Texas,Angelina,48005.0,12748,418,0.0,0.0,0,0,0,53320.0,86715
2021-11-25,Texas,Angelina,48005.0,12748,418,0.0,0.0,0,0,0,53320.0,86715
2021-11-26,Texas,Angelina,48005.0,12748,418,0.0,0.0,0,0,0,53320.0,86715
2021-11-27,Texas,Angelina,48005.0,12748,418,0.0,0.0,0,0,0,53320.0,86715
2021-11-28,Texas,Angelina,48005.0,12748,418,0.0,0.0,0,0,0,53320.0,86715
2021-11-29,Texas,Angelina,48005.0,12781,419,33.0,1.0,0,0,0,53320.0,86715
2021-11-30,Texas,Angelina,48005.0,12781,420,0.0,1.0,0,0,0,53320.0,86715
2021-12-01,Texas,Angelina,48005.0,12782,420,1.0,0.0,0,0,0,53320.0,86715
2021-12-02,Texas,Angelina,48005.0,12782,422,0.0,2.0,0,0,0,53320.0,86715
2021-12-03,Texas,Angelina,48005.0,12784,422,2.0,0.0,0,0,0,53320.0,86715
2021-12-04,Texas,Angelina,48005.0,12787,422,3.0,0.0,0,0,0,53320.0,86715
2021-12-05,Texas,Angelina,48005.0,12791,422,4.0,0.0,0,0,0,53320.0,86715
2021-12-06,Texas,Angelina,48005.0,12795,422,4.0,0.0,0,0,0,53320.0,86715
2021-12-07,Texas,Angelina,48005.0,12798,422,3.0,0.0,0,0,0,53320.0,86715
2021-12-08,Texas,Angelina,48005.0,12799,422,1.0,0.0,0,0,0,53320.0,86715
2021-12-09,Texas,Angelina,48005.0,12802,422,3.0,0.0,0,0,0,53320.0,86715
2021-12-10,Texas,Angelina,48005.0,12804,422,2.0,0.0,0,0,0,53320.0,86715
2021-12-11,Texas,Angelina,48005.0,12805,422,1.0,0.0,0,0,0,53320.0,86715
2021-12-12,Texas,Angelina,48005.0,12807,422,2.0,0.0,0,0,0,53320.0,86715
2021-12-13,Texas,Angelina,48005.0,12808,422,1.0,0.0,0,0,0,53320.0,86715
2021-12-14,Texas,Angelina,48005.0,12809,422,1.0,0.0,0,0,0,53320.0,86715
2021-12-15,Texas,Angelina,48005.0,12809,422,0.0,0.0,0,0,0,53320.0,86715
2021-12-16,Texas,Angelina,48005.0,12814,422,5.0,0.0,0,0,0,53320.0,86715
2021-12-17,Texas,Angelina,48005.0,12815,423,1.0,1.0,1,1,0,53320.0,86715
2021-12-18,Texas,Angelina,48005.0,12815,423,0.0,0.0,0,0,0,53320.0,86715
2021-12-19,Texas,Angelina,48005.0,12815,423,0.0,0.0,0,0,0,53320.0,86715
2021-12-20,Texas,Angelina,48005.0,12821,423,6.0,0.0,0,0,0,53320.0,86715
2021-12-21,Texas,Angelina,48005.0,12832,423,11.0,0.0,0,0,0,53320.0,86715
2021-12-22,Texas,Angelina,48005.0,12833,425,1.0,2.0,3,3,0,53320.0,86715
2021-12-23,Texas,Angelina,48005.0,12842,426,9.0,1.0,2,2,0,53320.0,86715
2021-12-24,Texas,Angelina,48005.0,12848,426,6.0,0.0,0,0,0,53320.0,86715
2021-12-25,Texas,Angelina,48005.0,12858,426,10.0,0.0,0,0,0,53320.0,86715
2021-12-26,Texas,Angelina,48005.0,12867,426,9.0,0.0,0,0,0,53320.0,86715
2021-12-27,Texas,Angelina,48005.0,12876,426,9.0,0.0,0,0,0,53320.0,86715
2021-12-28,Texas,Angelina,48005.0,12888,426,12.0,0.0,0,0,0,53320.0,86715
2021-12-29,Texas,Angelina,48005.0,12900,427,12.0,1.0,0,0,0,53320.0,86715
2021-12-30,Texas,Angelina,48005.0,12912,427,12.0,0.0,0,0,0,53320.0,86715
2021-12-31,Texas,Angelina,48005.0,12938,427,26.0,0.0,0,0,0,53320.0,86715
2022-01-01,Texas,Angelina,48005.0,12987,427,49.0,0.0,0,0,0,53320.0,86715
2022-01-02,Texas,Angelina,48005.0,13025,427,38.0,0.0,0,0,0,53320.0,86715
2022-01-03,Texas,Angelina,48005.0,13080,428,55.0,1.0,2,2,0,53320.0,86715
2022-01-04,Texas,Angelina,48005.0,13126,428,46.0,0.0,0,0,0,53320.0,86715
2022-01-05,Texas,Angelina,48005.0,13163,428,37.0,0.0,0,0,0,53320.0,86715
2022-01-06,Texas,Angelina,48005.0,13177,428,14.0,0.0,0,0,0,53320.0,86715
2022-01-07,Texas,Angelina,48005.0,13250,429,73.0,1.0,2,2,0,53320.0,86715
2022-01-08,Texas,Angelina,48005.0,13289,431,39.0,2.0,0,0,0,53320.0,86715
2022-01-09,Texas,Angelina,48005.0,13354,431,65.0,0.0,0,0,0,53320.0,86715
2022-01-10,Texas,Angelina,48005.0,13385,431,31.0,0.0,0,0,0,53320.0,86715
2022-01-11,Texas,Angelina,48005.0,13433,431,48.0,0.0,0,0,0,53320.0,86715
2022-01-12,Texas,Angelina,48005.0,13504,432,71.0,1.0,0,0,0,53320.0,86715
2022-01-13,Texas,Angelina,48005.0,13554,432,50.0,0.0,0,0,0,53320.0,86715
2022-01-14,Texas,Angelina,48005.0,13630,432,76.0,0.0,0,0,0,53320.0,86715
2022-01-15,Texas,Angelina,48005.0,13715,432,85.0,0.0,0,0,0,53320.0,86715
2022-01-16,Texas,Angelina,48005.0,13773,433,58.0,1.0,1,1,0,53320.0,86715
2022-01-17,Texas,Angelina,48005.0,13907,433,134.0,0.0,0,0,0,53320.0,86715
2022-01-18,Texas,Angelina,48005.0,13940,433,33.0,0.0,0,0,0,53320.0,86715
2022-01-19,Texas,Angelina,48005.0,13995,434,55.0,1.0,1,1,0,53320.0,86715
2022-01-20,Texas,Angelina,48005.0,14093,435,98.0,1.0,1,1,0,53320.0,86715
2022-01-21,Texas,Angelina,48005.0,14203,435,110.0,0.0,0,0,0,53320.0,86715
2022-01-22,Texas,Angelina,48005.0,14301,436,98.0,1.0,7,7,0,53320.0,86715
2022-01-23,Texas,Angelina,48005.0,14369,437,68.0,1.0,7,7,0,53320.0,86715
2022-01-24,Texas,Angelina,48005.0,14413,437,44.0,0.0,8,8,0,53320.0,86715
2022-01-25,Texas,Angelina,48005.0,14477,437,64.0,0.0,8,8,0,53320.0,86715
2022-01-26,Texas,Angelina,48005.0,14514,439,37.0,2.0,8,7,0,53320.0,86715
2022-01-27,Texas,Angelina,48005.0,14573,440,59.0,1.0,8,7,0,53320.0,86715
2022-01-28,Texas,Angelina,48005.0,14629,442,56.0,2.0,7,7,0,53320.0,86715
2022-01-29,Texas,Angelina,48005.0,14702,442,73.0,0.0,6,6,0,53320.0,86715
2022-01-30,Texas,Angelina,48005.0,14780,443,78.0,1.0,6,6,0,53320.0,86715
